year,month,farm,mean_inventory,lice,total_lice,day,date
2000,2,Lochalsh,NA,NA,NA,1,2000-02-01
2000,3,Lochalsh,NA,NA,NA,1,2000-03-01
2000,4,Lochalsh,NA,NA,NA,1,2000-04-01
2000,6,Lochalsh,NA,NA,NA,1,2000-06-01
2000,7,Lochalsh,NA,NA,NA,1,2000-07-01
2000,8,Lochalsh,NA,NA,NA,1,2000-08-01
2000,9,Lochalsh,NA,NA,NA,1,2000-09-01
2000,11,Lochalsh,NA,NA,NA,1,2000-11-01
2001,3,Jackson Pass,NA,NA,NA,1,2001-03-01
2001,3,Lochalsh,NA,NA,NA,1,2001-03-01
2001,3,Oscar,NA,NA,NA,1,2001-03-01
2001,4,Jackson Pass,NA,NA,NA,1,2001-04-01
2001,4,Lochalsh,NA,NA,NA,1,2001-04-01
2001,4,Oscar,NA,NA,NA,1,2001-04-01
2001,5,Arthur,NA,NA,NA,1,2001-05-01
2001,5,Jackson Pass,NA,NA,NA,1,2001-05-01
2001,5,Lochalsh,NA,NA,NA,1,2001-05-01
2001,5,Oscar,NA,NA,NA,1,2001-05-01
2001,6,Arthur,NA,NA,NA,1,2001-06-01
2001,6,Jackson Pass,NA,NA,NA,1,2001-06-01
2001,6,Lochalsh,NA,NA,NA,1,2001-06-01
2001,6,Oscar,NA,NA,NA,1,2001-06-01
2001,7,Arthur,NA,NA,NA,1,2001-07-01
2001,7,Jackson Pass,NA,NA,NA,1,2001-07-01
2001,7,Lochalsh,NA,NA,NA,1,2001-07-01
2001,7,Oscar,NA,NA,NA,1,2001-07-01
2001,8,Arthur,NA,NA,NA,1,2001-08-01
2001,8,Jackson Pass,NA,NA,NA,1,2001-08-01
2001,8,Lochalsh,NA,NA,NA,1,2001-08-01
2001,8,Oscar,NA,NA,NA,1,2001-08-01
2001,9,Lochalsh,NA,NA,NA,1,2001-09-01
2001,9,Oscar,NA,NA,NA,1,2001-09-01
2001,10,Lochalsh,NA,NA,NA,1,2001-10-01
2001,10,Oscar,NA,NA,NA,1,2001-10-01
2001,11,Lochalsh,NA,NA,NA,1,2001-11-01
2001,11,Oscar,NA,NA,NA,1,2001-11-01
2001,12,Lochalsh,NA,NA,NA,1,2001-12-01
2001,12,Oscar,NA,NA,NA,1,2001-12-01
2002,1,Lochalsh,NA,NA,NA,1,2002-01-01
2002,1,Oscar,NA,NA,NA,1,2002-01-01
2002,2,Lochalsh,NA,NA,NA,1,2002-02-01
2002,2,Oscar,NA,NA,NA,1,2002-02-01
2002,3,Jackson Pass,NA,NA,NA,1,2002-03-01
2002,3,Lochalsh,NA,NA,NA,1,2002-03-01
2002,3,Oscar,NA,NA,NA,1,2002-03-01
2002,4,Jackson Pass,NA,NA,NA,1,2002-04-01
2002,4,Lochalsh,NA,NA,NA,1,2002-04-01
2002,5,Jackson Pass,NA,NA,NA,1,2002-05-01
2002,5,Lochalsh,NA,NA,NA,1,2002-05-01
2002,6,Jackson Pass,NA,NA,NA,1,2002-06-01
2002,6,Lochalsh,NA,NA,NA,1,2002-06-01
2002,7,Jackson Pass,NA,NA,NA,1,2002-07-01
2002,7,Lochalsh,NA,NA,NA,1,2002-07-01
2002,8,Jackson Pass,NA,NA,NA,1,2002-08-01
2002,8,Lochalsh,NA,NA,NA,1,2002-08-01
2002,9,Arthur,NA,0,NA,1,2002-09-01
2002,9,Jackson Pass,NA,NA,NA,1,2002-09-01
2002,9,Lochalsh,NA,NA,NA,1,2002-09-01
2002,10,Lochalsh,NA,NA,NA,1,2002-10-01
2002,11,Lochalsh,NA,NA,NA,1,2002-11-01
2002,12,Lochalsh,NA,NA,NA,1,2002-12-01
2003,1,Arthur,NA,0.06666666666666667,NA,1,2003-01-01
2003,1,Jackson Pass,NA,0.5333333333333333,NA,1,2003-01-01
2003,1,Lochalsh,NA,NA,NA,1,2003-01-01
2003,2,Jackson Pass,NA,1.0666666666666667,NA,1,2003-02-01
2003,2,Lochalsh,NA,NA,NA,1,2003-02-01
2003,3,Arthur,NA,0.1,NA,1,2003-03-01
2003,3,Jackson Pass,NA,0.03333333333333333,NA,1,2003-03-01
2003,4,Jackson Pass,NA,0.8333333333333335,NA,1,2003-04-01
2003,5,Jackson Pass,NA,0.28888888888888886,NA,1,2003-05-01
2003,6,Jackson Pass,NA,0,NA,1,2003-06-01
2003,7,Arthur,NA,0.2,NA,1,2003-07-01
2003,9,Jackson Pass,NA,0.4,NA,1,2003-09-01
2003,10,Jackson Pass,NA,0.06666666666666667,NA,1,2003-10-01
2003,11,Arthur,NA,0.8666666666666667,NA,1,2003-11-01
2003,11,Jackson Pass,NA,0.3666666666666667,NA,1,2003-11-01
2004,1,Arthur,NA,0.5666666666666667,NA,1,2004-01-01
2004,1,Jackson Pass,NA,0.16666666666666666,NA,1,2004-01-01
2004,5,Arthur,NA,0.5333333333333333,NA,1,2004-05-01
2004,5,Goat,NA,0,NA,1,2004-05-01
2004,5,Jackson Pass,NA,1.5666666666666669,NA,1,2004-05-01
2004,6,Goat,NA,0.016666666666666666,NA,1,2004-06-01
2004,7,Goat,NA,0.15,NA,1,2004-07-01
2004,8,Goat,NA,0.5,NA,1,2004-08-01
2004,8,Jackson Pass,NA,1.4000000000000001,NA,1,2004-08-01
2004,9,Goat,NA,0,NA,1,2004-09-01
2004,10,Goat,NA,0.07500000000000001,NA,1,2004-10-01
2004,11,Goat,NA,0.4083333333333333,NA,1,2004-11-01
2004,12,Goat,NA,0.03333333333333333,NA,1,2004-12-01
2004,12,Kid Bay,514191,0,0,1,2004-12-01
2005,1,Goat,523626,0.016666666666666666,8727.1,1,2005-01-01
2005,1,Kid Bay,512879,0.03333333333333333,17095.966666666667,1,2005-01-01
2005,2,Goat,523275,0,0,1,2005-02-01
2005,2,Kid Bay,676503,0,0,1,2005-02-01
2005,3,Goat,522940,0,0,1,2005-03-01
2005,3,Kid Bay,676503,0.15,101475.45,1,2005-03-01
2005,4,Goat,522378,0,0,1,2005-04-01
2005,4,Kid Bay,820175,0.058333333333333334,47843.541666666664,1,2005-04-01
2005,5,Goat,520997,0,0,1,2005-05-01
2005,5,Kid Bay,962133,0.125,120266.625,1,2005-05-01
2005,6,Goat,521067,0.07500000000000001,39080.02500000001,1,2005-06-01
2005,6,Kid Bay,948761,0.005555555555555555,5270.894444444444,1,2005-06-01
2005,7,Goat,514975,0.25833333333333336,133035.20833333334,1,2005-07-01
2005,7,Kid Bay,937643,0.025,23441.075,1,2005-07-01
2005,8,Goat,514638,0.30833333333333335,158680.05000000002,1,2005-08-01
2005,8,Kid Bay,899535.5,0.125,112441.9375,1,2005-08-01
2005,9,Goat,433060.5,2.083333333333333,902209.3749999999,1,2005-09-01
2005,9,Kid Bay,861393,1.975,1701251.175,1,2005-09-01
2005,10,Goat,432308.5,4.433333333333334,1916567.6833333333,1,2005-10-01
2005,10,Kid Bay,860623,1.5333333333333332,1319621.9333333331,1,2005-10-01
2005,11,Goat,431396,5.616666666666666,2423007.533333333,1,2005-11-01
2005,11,Kid Bay,854103,1.9583333333333333,1672618.375,1,2005-11-01
2005,12,Goat,430587,1.7833333333333332,767880.1499999999,1,2005-12-01
2005,12,Kid Bay,NA,3.0166666666666666,NA,1,2005-12-01
2006,1,Goat,411532,3.3666666666666667,1385491.0666666667,1,2006-01-01
2006,1,Kid Bay,848079,1.1166666666666667,947021.55,1,2006-01-01
2006,2,Goat,337597,1.5166666666666666,512022.11666666664,1,2006-02-01
2006,2,Kid Bay,846012,0.03333333333333333,28200.399999999998,1,2006-02-01
2006,3,Goat,240388,0.016666666666666666,4006.4666666666667,1,2006-03-01
2006,3,Kid Bay,847246,0.26666666666666666,225932.26666666666,1,2006-03-01
2006,3,Lochalsh,574955.5,0.025,14373.8875,1,2006-03-01
2006,4,Jackson Pass,387638,0,0,1,2006-04-01
2006,4,Kid Bay,846477,0.08333333333333333,70539.75,1,2006-04-01
2006,4,Lochalsh,574833,0.016666666666666666,9580.55,1,2006-04-01
2006,5,Jackson Pass,387482,0.05,19374.100000000002,1,2006-05-01
2006,5,Kid Bay,846047,0,0,1,2006-05-01
2006,5,Lochalsh,574496,0.06666666666666667,38299.73333333333,1,2006-05-01
2006,6,Jackson Pass,387000,0.05,19350,1,2006-06-01
2006,6,Kid Bay,845264,0.08333333333333333,70438.66666666666,1,2006-06-01
2006,6,Lochalsh,573253,0,0,1,2006-06-01
2006,7,Goat,259054,0.21666666666666665,56128.36666666666,1,2006-07-01
2006,7,Jackson Pass,383750,0,0,1,2006-07-01
2006,7,Kid Bay,583709,0.08333333333333334,48642.41666666667,1,2006-07-01
2006,7,Lochalsh,571000,0.05,28550,1,2006-07-01
2006,8,Goat,228482,1.2,274178.39999999997,1,2006-08-01
2006,8,Jackson Pass,380000,0.3333333333333333,126666.66666666666,1,2006-08-01
2006,8,Kid Bay,559914,0.8666666666666667,485258.8,1,2006-08-01
2006,8,Lochalsh,567861,0.13333333333333333,75714.8,1,2006-08-01
2006,9,Goat,85836,3.0333333333333337,260369.20000000004,1,2006-09-01
2006,9,Jackson Pass,380021.5,0.8,304017.2,1,2006-09-01
2006,9,Kid Bay,538454,3.6,1938434.4000000001,1,2006-09-01
2006,9,Lochalsh,568000,0.13333333333333333,75733.33333333333,1,2006-09-01
2006,10,Goat,86806,15.233333333333333,1322344.7333333332,1,2006-10-01
2006,10,Jackson Pass,379780.5,0.9416666666666667,357626.6375,1,2006-10-01
2006,10,Kid Bay,435434.5,9.333333333333334,4064055.3333333335,1,2006-10-01
2006,10,Lochalsh,565766,0.6166666666666666,348889.03333333327,1,2006-10-01
2006,11,Goat,86600,2.8666666666666663,248253.33333333328,1,2006-11-01
2006,11,Jackson Pass,378766,0.35,132568.1,1,2006-11-01
2006,11,Kid Bay,384437,5.766666666666667,2216920.033333333,1,2006-11-01
2006,11,Lochalsh,564227,0.06666666666666667,37615.13333333333,1,2006-11-01
2006,12,Goat,86486,0.13333333333333333,11531.466666666667,1,2006-12-01
2006,12,Jackson Pass,378023,0.06666666666666667,25201.533333333333,1,2006-12-01
2006,12,Kid Bay,316570,0.2833333333333333,89694.83333333333,1,2006-12-01
2006,12,Lochalsh,563246,0.05,28162.300000000003,1,2006-12-01
2007,1,Jackson Pass,377582,0,0,1,2007-01-01
2007,1,Kid Bay,261053,0.23333333333333334,60912.36666666667,1,2007-01-01
2007,1,Lochalsh,563126,0,0,1,2007-01-01
2007,2,Jackson Pass,377288,0,0,1,2007-02-01
2007,2,Kid Bay,182390,0.3333333333333333,60796.666666666664,1,2007-02-01
2007,2,Lochalsh,562800,0.06666666666666667,37520,1,2007-02-01
2007,3,Jackson Pass,377083,0.05,18854.15,1,2007-03-01
2007,3,Kid Bay,172345,0.016666666666666666,2872.4166666666665,1,2007-03-01
2007,3,Lochalsh,562532,0.016666666666666666,9375.533333333333,1,2007-03-01
2007,4,Jackson Pass,376851,0.016666666666666666,6280.85,1,2007-04-01
2007,4,Lochalsh,562219,0.016666666666666666,9370.316666666666,1,2007-04-01
2007,5,Jackson Pass,376650,0.05,18832.5,1,2007-05-01
2007,5,Lochalsh,561945,0.016666666666666666,9365.75,1,2007-05-01
2007,6,Goat,782177,0,0,1,2007-06-01
2007,6,Jackson Pass,376420,0.3,112926,1,2007-06-01
2007,6,Lochalsh,561740,0.18333333333333335,102985.66666666667,1,2007-06-01
2007,7,Goat,776521,0.016666666666666666,12942.016666666666,1,2007-07-01
2007,7,Jackson Pass,375008,0.3,112502.4,1,2007-07-01
2007,7,Lochalsh,560008,0.25,140002,1,2007-07-01
2007,8,Goat,764653,0.03333333333333333,25488.433333333334,1,2007-08-01
2007,8,Jackson Pass,373370,0.6166666666666667,230244.83333333334,1,2007-08-01
2007,8,Lochalsh,553553,1.5583333333333333,862620.0916666667,1,2007-08-01
2007,9,Goat,758994,0.15,113849.09999999999,1,2007-09-01
2007,9,Jackson Pass,339361.5,8.391666666666666,2847808.5875,1,2007-09-01
2007,9,Lochalsh,457781,9.288333333333334,4252022.521666667,1,2007-09-01
2007,10,Goat,757544,2.45,1855982.8,1,2007-10-01
2007,10,Jackson Pass,289535,15.066666666666666,4362327.333333333,1,2007-10-01
2007,10,Lochalsh,401632,16.283333333333335,6539907.733333334,1,2007-10-01
2007,11,Goat,756366,1.2916666666666667,976972.75,1,2007-11-01
2007,11,Jackson Pass,273941,14.908333333333331,4084003.7416666662,1,2007-11-01
2007,11,Lochalsh,335992.5,25.758333333333333,8654606.8125,1,2007-11-01
2007,12,Goat,755977,0.5666666666666667,428386.9666666667,1,2007-12-01
2007,12,Jackson Pass,188561.5,13.816666666666666,2605291.3916666666,1,2007-12-01
2007,12,Lochalsh,313629.5,6.5,2038591.75,1,2007-12-01
2008,1,Goat,582718,0.11666666666666667,67983.76666666666,1,2008-01-01
2008,1,Jackson Pass,154345,0.9,138910.5,1,2008-01-01
2008,1,Kid Bay,345930,0.05,17296.5,1,2008-01-01
2008,1,Lochalsh,335929,1.1166666666666667,375120.7166666667,1,2008-01-01
2008,2,Goat,408832,0.05,20441.600000000002,1,2008-02-01
2008,2,Kid Bay,345315,0.016666666666666666,5755.25,1,2008-02-01
2008,2,Lochalsh,290256,0.8083333333333333,234623.6,1,2008-02-01
2008,3,Goat,407966,0.11666666666666667,47596.03333333333,1,2008-03-01
2008,3,Kid Bay,345066,0.03333333333333333,11502.2,1,2008-03-01
2008,3,Lochalsh,249981,0.5,124990.5,1,2008-03-01
2008,4,Goat,407342,0.11666666666666667,47523.23333333334,1,2008-04-01
2008,4,Kid Bay,344786,0.11666666666666667,40225.03333333333,1,2008-04-01
2008,4,Lochalsh,195688,1.2666666666666666,247871.46666666665,1,2008-04-01
2008,4,Sheep Pass,423778,0,0,1,2008-04-01
2008,5,Goat,407184,0.016666666666666666,6786.4,1,2008-05-01
2008,5,Kid Bay,344747,0.016666666666666666,5745.783333333333,1,2008-05-01
2008,5,Sheep Pass,420310,0,0,1,2008-05-01
2008,6,Goat,406903,0,0,1,2008-06-01
2008,6,Kid Bay,344611,0,0,1,2008-06-01
2008,6,Lime,581725,0,0,1,2008-06-01
2008,6,Sheep Pass,597849,0,0,1,2008-06-01
2008,7,Goat,406655,0,0,1,2008-07-01
2008,7,Kid Bay,344514,0.016666666666666666,5741.9,1,2008-07-01
2008,7,Lime,558094,0.016666666666666666,9301.566666666666,1,2008-07-01
2008,7,Sheep Pass,596970,0,0,1,2008-07-01
2008,8,Goat,406254,0.05,20312.7,1,2008-08-01
2008,8,Kid Bay,344170,0.03333333333333333,11472.333333333334,1,2008-08-01
2008,8,Lime,552636,0,0,1,2008-08-01
2008,8,Sheep Pass,594017,0,0,1,2008-08-01
2008,9,Goat,404082,0.13333333333333333,53877.6,1,2008-09-01
2008,9,Kid Bay,342946,0.13333333333333333,45726.13333333333,1,2008-09-01
2008,9,Lime,549867,0,0,1,2008-09-01
2008,9,Sheep Pass,593385,0.02,11867.7,1,2008-09-01
2008,10,Goat,403750,0.03,12112.5,1,2008-10-01
2008,10,Kid Bay,342762,0.22999999999999998,78835.26,1,2008-10-01
2008,10,Lime,548768,0.14,76827.52,1,2008-10-01
2008,10,Sheep Pass,592822,0.15000000000000002,88923.30000000002,1,2008-10-01
2008,11,Goat,403640,0,0,1,2008-11-01
2008,11,Kid Bay,342604,0.03,10278.119999999999,1,2008-11-01
2008,12,Kid Bay,281571,0,0,1,2008-12-01
2009,1,Goat,392328,0.12000000000000001,47079.36,1,2009-01-01
2009,1,Kid Bay,281313,0,0,1,2009-01-01
2009,1,Lime,484893,0.29000000000000004,140618.97000000003,1,2009-01-01
2009,1,Sheep Pass,587460,0.21,123366.59999999999,1,2009-01-01
2009,2,Goat,387663,0,0,1,2009-02-01
2009,2,Kid Bay,239407,0,0,1,2009-02-01
2009,2,Lime,483098,0.30000000000000004,144929.40000000002,1,2009-02-01
2009,2,Sheep Pass,585596,0.13,76127.48,1,2009-02-01
2009,3,Goat,387426,0.02,7748.52,1,2009-03-01
2009,3,Kid Bay,170847,0,0,1,2009-03-01
2009,3,Lime,482580,0.1,48258,1,2009-03-01
2009,3,Sheep Pass,584339,0.03,17530.17,1,2009-03-01
2009,4,Goat,386868,0.02,7737.360000000001,1,2009-04-01
2009,4,Jackson Pass,1179062,0.03,35371.86,1,2009-04-01
2009,4,Kid Bay,90412,NA,NA,1,2009-04-01
2009,4,Lime,482316,0.13999999999999999,67524.23999999999,1,2009-04-01
2009,4,Sheep Pass,583374,0.21,122508.54,1,2009-04-01
2009,5,Goat,273074,0.05,13653.7,1,2009-05-01
2009,5,Jackson Pass,1177271,0,0,1,2009-05-01
2009,5,Lime,481681,0.52,250474.12,1,2009-05-01
2009,5,Sheep Pass,582263,0.84,489100.92,1,2009-05-01
2009,6,Goat,181791,0.19,34540.29,1,2009-06-01
2009,6,Jackson Pass,1163283,0,0,1,2009-06-01
2009,6,Lime,481107,1.08,519595.56000000006,1,2009-06-01
2009,6,Sheep Pass,581924,0.31,180396.44,1,2009-06-01
2009,7,Goat,75190,NA,NA,1,2009-07-01
2009,7,Jackson Pass,1162031,0.02,23240.62,1,2009-07-01
2009,7,Lime,480696,1.02,490309.92,1,2009-07-01
2009,7,Sheep Pass,580795,1.315,763745.4249999999,1,2009-07-01
2009,8,Jackson Pass,1152821,0.13,149866.73,1,2009-08-01
2009,8,Lime,480015,2.33,1118434.95,1,2009-08-01
2009,8,Sheep Pass,579877,1.3900000000000001,806029.03,1,2009-08-01
2009,9,Jackson Pass,491454,0.37,181837.98,1,2009-09-01
2009,10,Kid Bay,615667,0.42,258580.13999999998,1,2009-10-01
2009,10,Lime,391886,0.02,7837.72,1,2009-10-01
2009,10,Sheep Pass,505678,4.66,2356459.48,1,2009-10-01
2009,11,Goat,489314,0.5,244657,1,2009-11-01
2009,11,Kid Bay,614418,1.5899999999999999,976924.6199999999,1,2009-11-01
2009,11,Lime,391573,0.22,86146.06,1,2009-11-01
2009,12,Goat,487439,0.9199999999999999,448443.87999999995,1,2009-12-01
2009,12,Kid Bay,613362,2.9799999999999995,1827818.7599999998,1,2009-12-01
2009,12,Lime,391125,0.07,27378.750000000004,1,2009-12-01
2009,12,Sheep Pass,504250,0.2,100850,1,2009-12-01
2010,1,Goat,486790,1.75,851882.5,1,2010-01-01
2010,1,Jackson Pass,1152735,0,0,1,2010-01-01
2010,1,Kid Bay,611996,3.17,1940027.32,1,2010-01-01
2010,1,Lime,390178,3.27,1275882.06,1,2010-01-01
2010,1,Sheep Pass,460394,0.36000000000000004,165741.84000000003,1,2010-01-01
2010,2,Goat,485626,1.05,509907.30000000005,1,2010-02-01
2010,2,Jackson Pass,1150343,0.03,34510.29,1,2010-02-01
2010,2,Kid Bay,610756,1.6800000000000002,1026070.0800000001,1,2010-02-01
2010,2,Lime,390516,1.82,710739.12,1,2010-02-01
2010,3,Goat,484798,0.16999999999999998,82415.65999999999,1,2010-03-01
2010,3,Jackson Pass,1195774,0.03,35873.22,1,2010-03-01
2010,3,Kid Bay,609692,0.02,12193.84,1,2010-03-01
2010,3,Lime,389874,1.38,538026.12,1,2010-03-01
2010,3,Sheep Pass,301508,1.3399999999999999,404020.72,1,2010-03-01
2010,4,Goat,483911,0.05,24195.550000000003,1,2010-04-01
2010,4,Jackson Pass,1191120,0.03,35733.6,1,2010-04-01
2010,4,Kid Bay,609440,0.05,30472,1,2010-04-01
2010,4,Lime,389131,0.06,23347.86,1,2010-04-01
2010,4,Sheep Pass,168597,4.1,691247.7,1,2010-04-01
2010,5,Goat,483150,0.02,9663,1,2010-05-01
2010,5,Jackson Pass,1185225,0.02,23704.5,1,2010-05-01
2010,5,Kid Bay,609325,0.02,12186.5,1,2010-05-01
2010,5,Lime,377991,0.02,7559.82,1,2010-05-01
2010,5,Sheep Pass,0,NA,NA,1,2010-05-01
2010,6,Goat,482182,0.71,342349.22,1,2010-06-01
2010,6,Jackson Pass,1180311,0,0,1,2010-06-01
2010,6,Kid Bay,608423,0.15,91263.45,1,2010-06-01
2010,6,Lime,190161,0.25,47540.25,1,2010-06-01
2010,7,Goat,481452,2.4,1155484.8,1,2010-07-01
2010,7,Jackson Pass,1171349,0.03,35140.47,1,2010-07-01
2010,7,Kid Bay,607652,0.6,364591.2,1,2010-07-01
2010,7,Lime,0,NA,NA,1,2010-07-01
2010,8,Jackson Pass,672057,0.12000000000000001,80646.84000000001,1,2010-08-01
2010,8,Sheep Pass,470768,0.7,329537.6,1,2010-08-01
2010,9,Goat,457952,4.2299999999999995,1937136.9599999997,1,2010-09-01
2010,9,Jackson Pass,667732,0.44999999999999996,300479.39999999997,1,2010-09-01
2010,9,Sheep Pass,470164,1.5499999999999998,728754.2,1,2010-09-01
2010,10,Sheep Pass,469576,2.47,1159852.7200000002,1,2010-10-01
2010,11,Goat,457602,7.289999999999999,3335918.5799999996,1,2010-11-01
2010,11,Kid Bay,550428,3.25,1788891,1,2010-11-01
2010,11,Lime,611353.5,0.46499999999999997,284279.3775,1,2010-11-01
2010,11,Sheep Pass,469211.5,1.6149999999999998,757776.5724999999,1,2010-11-01
2010,12,Goat,457420.5,0.5599999999999999,256155.47999999998,1,2010-12-01
2010,12,Kid Bay,528749,0.38,200924.62,1,2010-12-01
2010,12,Lime,610519,0.03,18315.57,1,2010-12-01
2010,12,Sheep Pass,468798,0.05,23439.9,1,2010-12-01
2011,1,Goat,456658,0.32,146130.56,1,2011-01-01
2011,1,Kid Bay,NA,0.5,NA,1,2011-01-01
2011,1,Lime,609378,0.1,60937.8,1,2011-01-01
2011,1,Lochalsh,524051,0.15,78607.65,1,2011-01-01
2011,1,Sheep Pass,467743,0.03,14032.289999999999,1,2011-01-01
2011,2,Goat,456006,0.15,68400.9,1,2011-02-01
2011,2,Kid Bay,NA,0.23,NA,1,2011-02-01
2011,2,Lime,608882,0.02,12177.64,1,2011-02-01
2011,2,Lochalsh,523396.5,0.255,133466.1075,1,2011-02-01
2011,2,Sheep Pass,467554,0,0,1,2011-02-01
2011,3,Goat,454632,0.12,54555.84,1,2011-03-01
2011,3,Jackson Pass,628615.5,0.04,25144.62,1,2011-03-01
2011,3,Kid Bay,NA,0.21500000000000002,NA,1,2011-03-01
2011,3,Lime,607658,0.04,24306.32,1,2011-03-01
2011,3,Lochalsh,521741.5,0.185,96522.1775,1,2011-03-01
2011,3,Sheep Pass,466864.5,0.05,23343.225000000002,1,2011-03-01
2011,4,Goat,453911,0.095,43121.545,1,2011-04-01
2011,4,Jackson Pass,645633,0,0,1,2011-04-01
2011,4,Kid Bay,180011.5,0.185,33302.1275,1,2011-04-01
2011,4,Lime,607215.6666666666,0.05333333333333334,32384.835555555557,1,2011-04-01
2011,4,Lochalsh,520505.5,0.07,36435.385,1,2011-04-01
2011,4,Sheep Pass,466453,0.115,53642.095,1,2011-04-01
2011,5,Goat,417354,0.185,77210.49,1,2011-05-01
2011,5,Jackson Pass,662291,0.15000000000000002,99343.65000000001,1,2011-05-01
2011,5,Kid Bay,0,NA,NA,1,2011-05-01
2011,5,Lime,606473.5,0.10500000000000001,63679.717500000006,1,2011-05-01
2011,5,Lochalsh,519135,0.185,96039.975,1,2011-05-01
2011,5,Sheep Pass,465864.5,0.23,107148.835,1,2011-05-01
2011,6,Goat,209808,0.05,10490.400000000001,1,2011-06-01
2011,6,Jackson Pass,658879,0.04,26355.16,1,2011-06-01
2011,6,Lime,606011.5,0.29,175743.335,1,2011-06-01
2011,6,Lochalsh,518740,0.22,114122.8,1,2011-06-01
2011,6,Sheep Pass,465026,0.375,174384.75,1,2011-06-01
2011,7,Goat,161115,0.28,45112.200000000004,1,2011-07-01
2011,7,Jackson Pass,653144,0.02,13062.880000000001,1,2011-07-01
2011,7,Kid Bay,512963,0.89,456537.07,1,2011-07-01
2011,7,Lime,605083,1.37,828963.7100000001,1,2011-07-01
2011,7,Sheep Pass,464027,0.35,162409.44999999998,1,2011-07-01
2011,8,Goat,0,NA,NA,1,2011-08-01
2011,8,Jackson Pass,651670,0.09000000000000001,58650.30000000001,1,2011-08-01
2011,8,Kid Bay,512406.6666666667,2.8133333333333335,1441570.7555555557,1,2011-08-01
2011,8,Lime,604471,1.27,767678.17,1,2011-08-01
2011,8,Sheep Pass,462750,1,462750,1,2011-08-01
2011,9,Goat,486596,0.25,121649,1,2011-09-01
2011,9,Jackson Pass,649671,0.76,493749.96,1,2011-09-01
2011,9,Kid Bay,632328,6.88,4350416.64,1,2011-09-01
2011,9,Lime,603500,4.79,2890765,1,2011-09-01
2011,9,Sheep Pass,462374,1.75,809154.5,1,2011-09-01
2011,10,Goat,NA,0.52,NA,1,2011-10-01
2011,10,Kid Bay,NA,8.17,NA,1,2011-10-01
2011,10,Lime,601793.5,4.605,2771259.0675000004,1,2011-10-01
2011,10,Sheep Pass,353637,3.6750000000000003,1299615.975,1,2011-10-01
2011,11,Goat,NA,0.02,NA,1,2011-11-01
2011,11,Kid Bay,NA,2.1399999999999997,NA,1,2011-11-01
2011,11,Lime,600438.5,1.215,729532.7775000001,1,2011-11-01
2011,11,Sheep Pass,203449.5,6.175000000000001,1256300.6625,1,2011-11-01
2011,12,Kid Bay,NA,1.6,NA,1,2011-12-01
2011,12,Lime,NA,1.1333333333333333,NA,1,2011-12-01
2011,12,Sheep Pass,NA,NA,NA,1,2011-12-01
2012,1,Goat,NA,0.3333333333333333,NA,1,2012-01-01
2012,1,Jackson Pass,500000,NA,NA,1,2012-01-01
2012,1,Kid Bay,NA,1.6333333333333333,NA,1,2012-01-01
2012,1,Lime,NA,0.5333333333333333,NA,1,2012-01-01
2012,2,Goat,NA,0.049999949999999994,NA,1,2012-02-01
2012,2,Jackson Pass,500000,0.016666666666666666,8333.333333333334,1,2012-02-01
2012,2,Kid Bay,NA,1.0833329999999999,NA,1,2012-02-01
2012,2,Lime,NA,0.75,NA,1,2012-02-01
2012,3,Goat,NA,0.3249996333333333,NA,1,2012-03-01
2012,3,Jackson Pass,1000000,0.03333331666666667,33333.316666666666,1,2012-03-01
2012,3,Kid Bay,NA,0.28333305,NA,1,2012-03-01
2012,3,Lime,NA,0.6999995916666667,NA,1,2012-03-01
2012,4,Goat,NA,0.6749999583333333,NA,1,2012-04-01
2012,4,Jackson Pass,1000000,0.058333333333333334,58333.333333333336,1,2012-04-01
2012,4,Kid Bay,NA,1.8,NA,1,2012-04-01
2012,4,Lime,NA,0.4999999083333333,NA,1,2012-04-01
2012,5,Goat,NA,1.9166658,NA,1,2012-05-01
2012,5,Jackson Pass,1000000,0.04583333333333333,45833.33333333333,1,2012-05-01
2012,5,Kid Bay,NA,1.0999989000000001,NA,1,2012-05-01
2012,5,Lime,NA,1.1666655,NA,1,2012-05-01
2012,6,Goat,NA,NA,NA,1,2012-06-01
2012,6,Jackson Pass,1000000,0.15,150000,1,2012-06-01
2012,6,Kid Bay,NA,NA,NA,1,2012-06-01
2012,6,Lime,NA,NA,NA,1,2012-06-01
2012,7,Goat,NA,1.7000000000000002,NA,1,2012-07-01
2012,7,Jackson Pass,1000000,0.1,100000,1,2012-07-01
2012,7,Kid Bay,NA,1.12,NA,1,2012-07-01
2012,7,Lime,0,NA,NA,1,2012-07-01
2012,8,Goat,NA,3.3666660999999998,NA,1,2012-08-01
2012,8,Jackson Pass,1000000,NA,NA,1,2012-08-01
2012,8,Kid Bay,NA,2.4333323,NA,1,2012-08-01
2012,9,Goat,NA,NA,NA,1,2012-09-01
2012,9,Jackson Pass,1000000,0.6333323333333334,633332.3333333334,1,2012-09-01
2012,9,Kid Bay,NA,NA,NA,1,2012-09-01
2012,10,Goat,NA,6.05,NA,1,2012-10-01
2012,10,Jackson Pass,1000000,2.466666666666667,2466666.666666667,1,2012-10-01
2012,10,Kid Bay,NA,NA,NA,1,2012-10-01
2012,11,Goat,NA,8.349999,NA,1,2012-11-01
2012,11,Jackson Pass,1000000,NA,NA,1,2012-11-01
2012,11,Kid Bay,NA,NA,NA,1,2012-11-01
2012,11,Sheep Pass,950000,NA,NA,1,2012-11-01
2012,12,Goat,NA,7.5749995000000006,NA,1,2012-12-01
2012,12,Lochalsh,500000,NA,NA,1,2012-12-01
2012,12,Sheep Pass,NA,4.299999725,NA,1,2012-12-01
2013,1,Goat,NA,6.1749989,NA,1,2013-01-01
2013,1,Lochalsh,NA,0.18333315,NA,1,2013-01-01
2013,1,Sheep Pass,NA,13.361109883333333,NA,1,2013-01-01
2013,2,Goat,NA,4.891665916666666,NA,1,2013-02-01
2013,2,Lochalsh,NA,0.13333333333333333,NA,1,2013-02-01
2013,2,Sheep Pass,NA,13.066665675,NA,1,2013-02-01
2013,3,Goat,NA,3.974999575,NA,1,2013-03-01
2013,3,Jackson Pass,560000,0,0,1,2013-03-01
2013,3,Lochalsh,NA,0.025,NA,1,2013-03-01
2013,3,Sheep Pass,NA,9.311110333333332,NA,1,2013-03-01
2013,4,Goat,NA,1.5499999999999998,NA,1,2013-04-01
2013,4,Jackson Pass,560000,0.041666666666666664,23333.333333333332,1,2013-04-01
2013,4,Lochalsh,NA,0.03333333333333333,NA,1,2013-04-01
2013,4,Sheep Pass,NA,4.7166657999999995,NA,1,2013-04-01
2013,5,Jackson Pass,560000,0,0,1,2013-05-01
2013,5,Lochalsh,NA,0,NA,1,2013-05-01
2013,5,Sheep Pass,NA,5.566665825,NA,1,2013-05-01
2013,6,Jackson Pass,550000,0.03333331666666667,18333.32416666667,1,2013-06-01
2013,6,Lochalsh,NA,0,NA,1,2013-06-01
2013,6,Sheep Pass,NA,NA,NA,1,2013-06-01
2013,7,Jackson Pass,550000,0.20075757575757575,110416.66666666666,1,2013-07-01
2013,7,Kid Bay,468000,2.3257563795454548,1088453.9856272729,1,2013-07-01
2013,7,Lochalsh,NA,NA,NA,1,2013-07-01
2013,7,Sheep Pass,NA,2.6191899999999997,NA,1,2013-07-01
2013,8,Jackson Pass,550000,0.43333333333333335,238333.33333333334,1,2013-08-01
2013,8,Kid Bay,468000,4.458332775,2086499.7386999999,1,2013-08-01
2013,8,Sheep Pass,NA,3.7749991416666666,NA,1,2013-08-01
2013,9,Jackson Pass,550000,2.55,1402500,1,2013-09-01
2013,9,Kid Bay,468000,6.508332425000001,3045899.5749000004,1,2013-09-01
2013,9,Sheep Pass,NA,10.499998600000001,NA,1,2013-09-01
2013,10,Jackson Pass,550000,2.5833333333333335,1420833.3333333335,1,2013-10-01
2013,10,Kid Bay,468000,2.8083326250000002,1314299.6685000001,1,2013-10-01
2013,10,Lochalsh,510000,NA,NA,1,2013-10-01
2013,10,Sheep Pass,NA,14.7055545,NA,1,2013-10-01
2013,11,Jackson Pass,550000,6.99999895,3849999.4225,1,2013-11-01
2013,11,Kid Bay,468000,3.208332575,1501499.6451,1,2013-11-01
2013,11,Lochalsh,510000,NA,NA,1,2013-11-01
2013,11,Sheep Pass,NA,10.28333215,NA,1,2013-11-01
2013,12,Goat,486000,NA,NA,1,2013-12-01
2013,12,Jackson Pass,NA,NA,NA,1,2013-12-01
2013,12,Kid Bay,468000,4.69166565,2195699.5242,1,2013-12-01
2013,12,Lochalsh,510000,1.04999965,535499.8215,1,2013-12-01
2013,12,Sheep Pass,NA,8.60833225,NA,1,2013-12-01
2014,1,Goat,486000,5.374999174999999,2612249.59905,1,2014-01-01
2014,1,Kid Bay,468000,6.82083255,3192149.6334,1,2014-01-01
2014,1,Lochalsh,510000,1.511110411111111,770666.3096666667,1,2014-01-01
2014,1,Sheep Pass,NA,7.941665375,NA,1,2014-01-01
2014,2,Goat,486000,1.8499994083333333,899099.71245,1,2014-02-01
2014,2,Kid Bay,468000,4.7833324,2238599.5631999997,1,2014-02-01
2014,2,Lochalsh,510000,0.21666645,110499.8895,1,2014-02-01
2014,2,Sheep Pass,NA,7.63333235,NA,1,2014-02-01
2014,3,Goat,486000,0.26111093333333335,126899.91360000001,1,2014-03-01
2014,3,Kid Bay,468000,2.0499997,959399.8596,1,2014-03-01
2014,3,Lochalsh,510000,0.06666659999999999,33999.96599999999,1,2014-03-01
2014,3,Sheep Pass,NA,5.55833215,NA,1,2014-03-01
2014,4,Goat,486000,0.274999725,133649.86635,1,2014-04-01
2014,4,Jackson Pass,580000,NA,NA,1,2014-04-01
2014,4,Kid Bay,464000,0.24166642499999996,112133.22119999999,1,2014-04-01
2014,4,Lochalsh,510000,0.016666649999999998,8499.991499999998,1,2014-04-01
2014,4,Sheep Pass,NA,6.92499885,NA,1,2014-04-01
2014,5,Goat,486000,0.23333321666666668,113399.9433,1,2014-05-01
2014,5,Jackson Pass,580000,0,0,1,2014-05-01
2014,5,Kid Bay,455000,0.24999974999999997,113749.88624999998,1,2014-05-01
2014,5,Lochalsh,510000,0,0,1,2014-05-01
2014,6,Goat,480000,0.008333324999999999,3999.9959999999996,1,2014-06-01
2014,6,Jackson Pass,580000,0,0,1,2014-06-01
2014,6,Kid Bay,450000,0.25,112500,1,2014-06-01
2014,6,Lochalsh,510000,0.016666649999999998,8499.991499999998,1,2014-06-01
2014,6,Sheep Pass,575000,0,0,1,2014-06-01
2014,7,Goat,480000,0.724999275,347999.652,1,2014-07-01
2014,7,Jackson Pass,580000,0.1444443,83777.694,1,2014-07-01
2014,7,Kid Bay,450000,0.5083331166666667,228749.90250000003,1,2014-07-01
2014,7,Sheep Pass,575000,0.1666665,95833.2375,1,2014-07-01
2014,8,Goat,480000,0.9083325999999999,435999.648,1,2014-08-01
2014,8,Jackson Pass,580000,0.18333315,106333.227,1,2014-08-01
2014,8,Kid Bay,260000,0.49166656666666664,127833.30733333333,1,2014-08-01
2014,8,Sheep Pass,575000,0.3555552,204444.24000000002,1,2014-08-01
2014,9,Goat,480000,3.1333324750000004,1503999.5880000002,1,2014-09-01
2014,9,Jackson Pass,580000,1.366666,792666.2799999999,1,2014-09-01
2014,9,Kid Bay,100000,0.79999955,79999.955,1,2014-09-01
2014,9,Sheep Pass,575000,0.78333255,450416.21625,1,2014-09-01
2014,10,Goat,440000,6.0333322,2654666.168,1,2014-10-01
2014,10,Jackson Pass,580000,0.11666655000000001,67666.599,1,2014-10-01
2014,10,Lochalsh,595000,NA,NA,1,2014-10-01
2014,10,Sheep Pass,575000,1.208332475,694791.173125,1,2014-10-01
2014,11,Goat,380000,7.999998766666666,3039999.531333333,1,2014-11-01
2014,11,Jackson Pass,580000,0.06666659999999999,38666.628,1,2014-11-01
2014,11,Lochalsh,595000,1.0499993,624749.5835000001,1,2014-11-01
2014,11,Sheep Pass,570000,0.6833327499999999,389499.6675,1,2014-11-01
2014,12,Goat,260000,8.3833323,2179666.398,1,2014-12-01
2014,12,Jackson Pass,NA,NA,NA,1,2014-12-01
2014,12,Lime,565000,0,0,1,2014-12-01
2014,12,Lochalsh,595000,0.51666615,307416.35925000004,1,2014-12-01
2014,12,Sheep Pass,570000,0.6333327,360999.63899999997,1,2014-12-01
2015,1,Goat,187500,10.899999516666666,2043749.9093749998,1,2015-01-01
2015,1,Lime,565000,0.291666375,164791.501875,1,2015-01-01
2015,1,Lochalsh,595000,0.51666615,307416.35925000004,1,2015-01-01
2015,1,Sheep Pass,570000,0.7333327388888888,417999.66116666666,1,2015-01-01
2015,2,Goat,NA,NA,NA,1,2015-02-01
2015,2,Lime,565000,1.4333326,809832.919,1,2015-02-01
2015,2,Lochalsh,595000,1.3083329583333334,778458.1102083334,1,2015-02-01
2015,2,Sheep Pass,570000,0.7833333333333333,446500,1,2015-02-01
2015,3,Lime,565000,7.572221183333333,4278304.968583333,1,2015-03-01
2015,3,Lochalsh,595000,0.23333310000000002,138833.1945,1,2015-03-01
2015,3,Sheep Pass,527500,2.8166661833333335,1485791.4117083335,1,2015-03-01
2015,4,Jackson Pass,575000,0.058333275000000004,33541.633125,1,2015-04-01
2015,4,Lime,560000,5.884375,3295250,1,2015-04-01
2015,4,Lochalsh,595000,0.033333299999999996,19833.313499999997,1,2015-04-01
2015,4,Sheep Pass,412500,6.6499995,2743124.7937499997,1,2015-04-01
2015,5,Jackson Pass,NA,0.06666659999999999,NA,1,2015-05-01
2015,5,Kid Bay,NA,0.20833312499999998,NA,1,2015-05-01
2015,5,Lime,NA,1.16666585,NA,1,2015-05-01
2015,5,Sheep Pass,263333.3333333333,9.711110222222223,2557259.025185185,1,2015-05-01
2015,6,Jackson Pass,574252.5,0.124999875,71781.4907184375,1,2015-06-01
2015,6,Kid Bay,582714,9.255554655555555,5393341.2755574,1,2015-06-01
2015,6,Lime,545402.3333333334,1.09444415,596912.3931130167,1,2015-06-01
2015,6,Sheep Pass,170158.5,11.00833265,1873161.371225025,1,2015-06-01
2015,7,Jackson Pass,571192.5,0.7999993750000001,456953.64300468756,1,2015-07-01
2015,7,Kid Bay,582059,13.2833323,7731683.1152057,1,2015-07-01
2015,7,Lime,522989,8.1374993,4255822.6214077,1,2015-07-01
2015,7,Sheep Pass,0,NA,NA,1,2015-07-01
2015,8,Jackson Pass,567569,0.64999935,368919.48108015,1,2015-08-01
2015,8,Kid Bay,558900.5,11.091665566666666,6199137.431042783,1,2015-08-01
2015,8,Lime,511353.5,8.733332658333333,4465820.221503054,1,2015-08-01
2015,9,Jackson Pass,564824,4.02499895,2273416.0069347997,1,2015-09-01
2015,9,Kid Bay,545275,6.317708,3444888.2297,1,2015-09-01
2015,9,Lime,409231,10.74999905,4399232.861230549,1,2015-09-01
2015,10,Goat,552910,0.8614580249999999,476308.7566027499,1,2015-10-01
2015,10,Jackson Pass,552910,9.316666666666666,5151278.166666667,1,2015-10-01
2015,10,Kid Bay,538881,1.11666555,601749.84824955,1,2015-10-01
2015,10,Lime,238864,16.841666358333335,4022867.793016934,1,2015-10-01
2015,10,Lochalsh,598547,0.04999995,29927.32007265,1,2015-10-01
2015,11,Goat,550771,0.6208327124999999,341936.6538963375,1,2015-11-01
2015,11,Kid Bay,537505,1.3833323000000002,743548.0279115001,1,2015-11-01
2015,11,Lime,238717,16.4833326,3934851.7082742,1,2015-11-01
2015,11,Lochalsh,583685,2.0458331166666666,1194122.1027015832,1,2015-11-01
2015,12,Goat,548687.5,0.608332725,333784.5620484375,1,2015-12-01
2015,12,Kid Bay,536821,1.1333322000000001,608396.5249362001,1,2015-12-01
2015,12,Lochalsh,580469,0.0999999,58046.8419531,1,2015-12-01
2016,1,Goat,545337,0.43650750000000005,238043.69052750003,1,2016-01-01
2016,1,Jackson Pass,375000,NA,NA,1,2016-01-01
2016,1,Kid Bay,535407,1.0555546666666666,565151.357416,1,2016-01-01
2016,1,Lochalsh,574870.2,0.0830158,47723.309549159996,1,2016-01-01
2016,2,Goat,543171.2,0.257666459,139956.9997347808,1,2016-02-01
2016,2,Jackson Pass,470836.5,0,0,1,2016-02-01
2016,2,Kid Bay,533668,1.038332685,554124.92733858,1,2016-02-01
2016,2,Lochalsh,570148,0.04999995,28507.3714926,1,2016-02-01
2016,3,Goat,541152.3333333334,0.01111111111111111,6012.803703703704,1,2016-03-01
2016,3,Jackson Pass,590084,0.15,88512.59999999999,1,2016-03-01
2016,3,Kid Bay,530806.6666666666,0.321031746031746,170405.791005291,1,2016-03-01
2016,3,Lochalsh,566770,0.15,85015.5,1,2016-03-01
2016,4,Goat,540473.6666666666,0.38430555555555557,207707.03273148148,1,2016-04-01
2016,4,Jackson Pass,573358.6666666666,0.2777777777777778,159266.2962962963,1,2016-04-01
2016,4,Kid Bay,459285.3333333333,0.12222222222222223,56134.874074074076,1,2016-04-01
2016,4,Lochalsh,565123,0.15833333333333333,89477.80833333333,1,2016-04-01
2016,4,Sheep Pass,NA,NA,NA,1,2016-04-01
2016,5,Goat,539755.3333333334,1.4222222222222223,767652.0296296297,1,2016-05-01
2016,5,Jackson Pass,567247,0.21000000000000002,119121.87000000001,1,2016-05-01
2016,5,Kid Bay,363277,0.20833333333333331,75682.70833333333,1,2016-05-01
2016,5,Sheep Pass,548913,0,0,1,2016-05-01
2016,6,Goat,538291,1.0625,571934.1875,1,2016-06-01
2016,6,Jackson Pass,562874.6666666666,0.1125,63323.399999999994,1,2016-06-01
2016,6,Kid Bay,212139.5,1.5416666666666665,327048.3958333333,1,2016-06-01
2016,6,Sheep Pass,560358,0.13437500000000002,75298.10625000001,1,2016-06-01
2016,7,Goat,534383.5,0.9416666666666667,503211.12916666665,1,2016-07-01
2016,7,Jackson Pass,560820.5,0.09166666666666667,51408.54583333334,1,2016-07-01
2016,7,Kid Bay,4100,NA,NA,1,2016-07-01
2016,7,Sheep Pass,559889,0.41812499999999997,234103.58812499998,1,2016-07-01
2016,8,Goat,446522,1.9666666666666668,878159.9333333333,1,2016-08-01
2016,8,Jackson Pass,559608.5,0.7,391725.94999999995,1,2016-08-01
2016,8,Sheep Pass,559022,1.025,572997.5499999999,1,2016-08-01
2016,9,Goat,309168.5,2.8916666666666666,894012.2458333333,1,2016-09-01
2016,9,Jackson Pass,558204,3.316666666666667,1851376.6,1,2016-09-01
2016,9,Sheep Pass,557584,1.9166666666666667,1068702.6666666667,1,2016-09-01
2016,10,Goat,14366,6.516666666666667,93618.43333333333,1,2016-10-01
2016,10,Jackson Pass,555556.3333333334,7.3113425925925934,4061862.6824845686,1,2016-10-01
2016,10,Sheep Pass,557137.3333333334,5.611111111111111,3126159.4814814813,1,2016-10-01
2016,11,Alexander,673078,0.25,168269.5,1,2016-11-01
2016,11,Jackson Pass,554534,3.7333333333333334,2070260.2666666666,1,2016-11-01
2016,11,Sheep Pass,554613.5,1.1785714285714286,653651.625,1,2016-11-01
2016,12,Alexander,667492.5,0.6666666666666666,444995,1,2016-12-01
2016,12,Jackson Pass,391889,7.266666666666667,2847726.7333333334,1,2016-12-01
2016,12,Sheep Pass,971312.5,1.4666666666666666,1424591.6666666665,1,2016-12-01
2017,1,Alexander,661184.3333333334,0.24777777777777776,163826.7848148148,1,2017-01-01
2017,1,Sheep Pass,1046899.75,1.8916666666666666,1980385.3604166666,1,2017-01-01
2017,2,Alexander,652929.75,0.2,130585.95000000001,1,2017-02-01
2017,2,Sheep Pass,991315.8333333334,1.1819444444444445,1171680.2418981483,1,2017-02-01
2017,3,Alexander,638364.6,0.044583333333333336,28460.42175,1,2017-03-01
2017,3,Sheep Pass,879668.6666666666,0.2583333333333333,227247.73888888885,1,2017-03-01
2017,4,Alexander,626540,0.04166666666666667,26105.833333333336,1,2017-04-01
2017,4,Cougar Bay,677405,0,0,1,2017-04-01
2017,4,Sheep Pass,779930.6,0.6025,469908.1865,1,2017-04-01
2017,5,Alexander,621769,0.31666666666666665,196893.51666666666,1,2017-05-01
2017,5,Cougar Bay,673312,0.01111111111111111,7481.244444444444,1,2017-05-01
2017,5,Sheep Pass,683330.6,1.48,1011329.288,1,2017-05-01
2017,6,Alexander,619778,0.2,123955.6,1,2017-06-01
2017,6,Cougar Bay,659214.25,0.2729166666666667,179910.5557291667,1,2017-06-01
2017,6,Sheep Pass,558907.5,1.7906250000000001,1000793.7421875001,1,2017-06-01
2017,7,Alexander,616122.6,0.033749999999999995,20794.137749999998,1,2017-07-01
2017,7,Cougar Bay,630206.4,0.371,233806.5744,1,2017-07-01
2017,7,Sheep Pass,515475.6666666667,0.9366666666666666,482828.87444444443,1,2017-07-01
2017,8,Alexander,613708.25,0.6979166666666667,428317.2161458334,1,2017-08-01
2017,8,Cougar Bay,619746.2,0.725,449315.99499999994,1,2017-08-01
2017,8,Sheep Pass,482350.1666666667,0.5263888888888889,253903.76828703706,1,2017-08-01
2017,9,Alexander,611883.25,1.5145833333333334,926748.1723958334,1,2017-09-01
2017,9,Cougar Bay,615789,2.441666666666667,1503551.475,1,2017-09-01
2017,9,Sheep Pass,390305.5,0.5125,200031.56874999998,1,2017-09-01
2017,10,Alexander,610213,2.915,1778770.895,1,2017-10-01
2017,10,Cougar Bay,613649.3333333334,3.5166666666666666,2158000.1555555556,1,2017-10-01
2017,10,Goat,596984,0.175,104472.2,1,2017-10-01
2017,10,Sheep Pass,257965.6,0.9099999999999999,234748.696,1,2017-10-01
2017,11,Alexander,605477.3333333334,0.3125,189211.6666666667,1,2017-11-01
2017,11,Goat,594632.25,0.1873015873015873,111375.56428571428,1,2017-11-01
2017,11,Kid Bay,694420,NA,NA,1,2017-11-01
2017,11,Sheep Pass,116287,1.3,151173.1,1,2017-11-01
2017,12,Alexander,598240.8,0.6383333333333333,381877.044,1,2017-12-01
2017,12,Goat,591149.4,0.5416666666666667,320205.92500000005,1,2017-12-01
2017,12,Kid Bay,691569,0,0,1,2017-12-01
2017,12,Sheep Pass,0,NA,NA,1,2017-12-01
2018,1,Alexander,594558.8,0.9750000000000001,579694.8300000001,1,2018-01-01
2018,1,Goat,588785.6,0.5633333333333332,331682.5546666666,1,2018-01-01
2018,1,Kid Bay,685331,0.04666666666666666,31982.11333333333,1,2018-01-01
2018,2,Alexander,562661.6,1.435,807419.396,1,2018-02-01
2018,2,Goat,586247.5,0.7916666666666666,464112.6041666666,1,2018-02-01
2018,2,Kid Bay,678207,0.037500000000000006,25432.762500000004,1,2018-02-01
2018,3,Alexander,464288.8,0.7550000000000001,350538.04400000005,1,2018-03-01
2018,3,Goat,583457,0.27499999999999997,160450.675,1,2018-03-01
2018,3,Kid Bay,660845,0.03333333333333333,22028.166666666668,1,2018-03-01
2018,4,Alexander,390605.5,0.20625,80562.384375,1,2018-04-01
2018,4,Goat,579779.25,0.020833333333333332,12078.734375,1,2018-04-01
2018,4,Kid Bay,890226.2,0.003333333333333333,2967.4206666666664,1,2018-04-01
2018,5,Alexander,186954,0.7,130867.79999999999,1,2018-05-01
2018,5,Goat,577570.25,0.6958333333333333,401892.63229166664,1,2018-05-01
2018,5,Kid Bay,1236418.4,0.013333333333333332,16485.578666666665,1,2018-05-01
2018,6,Alexander,0,NA,NA,1,2018-06-01
2018,6,Goat,568005,0.6116666666666667,347429.72500000003,1,2018-06-01
2018,6,Kid Bay,1228862,0.01666666666666667,20481.033333333336,1,2018-06-01
2018,7,Goat,540438.3333333334,0.4222222222222222,228185.0740740741,1,2018-07-01
2018,7,Kid Bay,1221006.5,0.058333333333333334,71225.37916666667,1,2018-07-01
2018,8,Goat,513778,0.3833333333333333,196948.2333333333,1,2018-08-01
2018,8,Kid Bay,1218138.25,0.0625,76133.640625,1,2018-08-01
2018,9,Goat,490021,0.02777777777777778,13611.694444444445,1,2018-09-01
2018,9,Kid Bay,1212634.5,0.029166666666666667,35368.50625,1,2018-09-01
2018,10,Alexander,624234,NA,NA,1,2018-10-01
2018,10,Goat,457058,0.025,11426.45,1,2018-10-01
2018,10,Kid Bay,1206579.25,0.2604166666666667,314213.3463541667,1,2018-10-01
2018,11,Alexander,618107.5,0.008333333333333333,5150.895833333333,1,2018-11-01
2018,11,Goat,345281.75,0.175,60424.306249999994,1,2018-11-01
2018,11,Kid Bay,1200802.8,0.44333333333333336,532355.908,1,2018-11-01
2018,12,Alexander,615149.3333333334,0.09999999999999999,61514.933333333334,1,2018-12-01
2018,12,Goat,230090,0.2333333333333333,53687.666666666664,1,2018-12-01
2018,12,Kid Bay,1195619,0.7075,845900.4425,1,2018-12-01
2019,1,Alexander,611760.6666666666,0.07083333333333333,43333.047222222216,1,2019-01-01
2019,1,Goat,55363,NA,NA,1,2019-01-01
2019,1,Kid Bay,1179548.2222222222,0.30092592592592593,354956.6409465021,1,2019-01-01
2019,2,Alexander,604054,0.084375,50967.05625,1,2019-02-01
2019,2,Goat,0,NA,NA,1,2019-02-01
2019,2,Kid Bay,1153231,0.013333333333333332,15376.413333333332,1,2019-02-01
2019,3,Alexander,596092.3333333334,0,0,1,2019-03-01
2019,3,Kid Bay,1147976.25,0.20833333333333331,239161.71874999997,1,2019-03-01
2019,4,Alexander,591008,0.044444444444444446,26267.022222222222,1,2019-04-01
2019,4,Cougar Bay,555079,NA,NA,1,2019-04-01
2019,4,Kid Bay,1063334.6,0.2916666666666667,310139.25833333336,1,2019-04-01
2019,5,Alexander,587918.6,0.07666666666666667,45073.759333333335,1,2019-05-01
2019,5,Cougar Bay,551144.3333333334,0.01111111111111111,6123.825925925926,1,2019-05-01
2019,5,Kid Bay,891388.6,0.2833333333333333,252560.10333333333,1,2019-05-01
2019,6,Alexander,586270.5,0.15,87940.575,1,2019-06-01
2019,6,Cougar Bay,540497.6666666666,0.07777777777777778,42038.707407407404,1,2019-06-01
2019,6,Kid Bay,713371.5,0.47916666666666663,341823.84375,1,2019-06-01
2019,7,Alexander,582548,0.025,14563.7,1,2019-07-01
2019,7,Cougar Bay,493206,1.1979166666666665,590819.6874999999,1,2019-07-01
2019,7,Kid Bay,606341,0.6333333333333333,384015.9666666667,1,2019-07-01
2019,8,Alexander,564747.25,2.2875,1291859.334375,1,2019-08-01
2019,8,Cougar Bay,448598,3.0395833333333333,1363551.0041666667,1,2019-08-01
2019,8,Kid Bay,513047,0.5833333333333333,299277.4166666666,1,2019-08-01
2019,9,Alexander,557169,5.714130527210885,3183736.3917155615,1,2019-09-01
2019,9,Cougar Bay,445725.25,0.9958333333333333,443868.06145833334,1,2019-09-01
2019,9,Kid Bay,494336.75,0.24583333333333332,121524.45104166666,1,2019-09-01
2019,10,Alexander,548481,5.25,2879525.25,1,2019-10-01
2019,10,Cougar Bay,444228.5,7.920833333333333,3518659.910416667,1,2019-10-01
2019,10,Kid Bay,314781,0.16666666666666669,52463.50000000001,1,2019-10-01
2019,11,Alexander,545025.3333333334,4.383333333333333,2389027.711111111,1,2019-11-01
2019,11,Cougar Bay,443125.3333333333,7.172222222222222,3178193.3629629626,1,2019-11-01
2019,11,Kid Bay,205949.33333333334,0.7222222222222222,148741.1851851852,1,2019-11-01
2019,11,Sheep Pass,532124,0,0,1,2019-11-01
2019,12,Alexander,543466,0.8958333333333333,486854.9583333333,1,2019-12-01
2019,12,Cougar Bay,442105,1.99375,881446.84375,1,2019-12-01
2019,12,Kid Bay,82079,0,0,1,2019-12-01
2019,12,Sheep Pass,528327.5,0.14166666666666666,74846.39583333333,1,2019-12-01
2020,1,Alexander,542345,0.8333333333333333,451954.1666666666,1,2020-01-01
2020,1,Cougar Bay,441238.3333333333,1.6555555555555554,730494.574074074,1,2020-01-01
2020,1,Sheep Pass,526911,0.05,26345.550000000003,1,2020-01-01
2020,2,Alexander,540742.5,0.7000000000000001,378519.75000000006,1,2020-02-01
2020,2,Cougar Bay,438287.25,0.8670833333333333,380031.5696875,1,2020-02-01
2020,2,Kid Bay,0,0,0,1,2020-02-01
2020,2,Sheep Pass,519410.6,0.165,85702.749,1,2020-02-01
2020,3,Alexander,448060,0.6366666666666667,285264.8666666667,1,2020-03-01
2020,3,Cougar Bay,434859.5,0.8520833333333333,370536.53229166666,1,2020-03-01
2020,3,Sheep Pass,557866.3333333334,0.18888888888888888,105374.75185185186,1,2020-03-01
2020,4,Alexander,384215.25,1.125,432242.15625,1,2020-04-01
2020,4,Cougar Bay,432823.5,1.2789583333333334,553563.2221875,1,2020-04-01
2020,4,Sheep Pass,1036051,0.16999999999999998,176128.66999999998,1,2020-04-01
2020,5,Alexander,303602,1.9120833333333331,580512.3241666666,1,2020-05-01
2020,5,Cougar Bay,429419.6666666667,0.9500000000000001,407948.6833333334,1,2020-05-01
2020,5,Sheep Pass,988821.4,0.2816666666666667,278518.02766666666,1,2020-05-01
2020,6,Alexander,184536,3.91666666666667,722766.0000000006,1,2020-06-01
2020,6,Cougar Bay,427703.75,0.08489583333333334,36310.26627604167,1,2020-06-01
2020,6,Sheep Pass,954472.5,0.02083333333333335,19884.843750000015,1,2020-06-01
2020,7,Alexander,0,0,0,1,2020-07-01
2020,7,Cougar Bay,426599.75,0.23333333333333334,99539.94166666667,1,2020-07-01
2020,7,Sheep Pass,952537.4,0.06999999999999999,66677.61799999999,1,2020-07-01
2020,8,Cougar Bay,424372.75,0.1875,79569.890625,1,2020-08-01
2020,8,Sheep Pass,951478.5,0.4333333333333334,412307.3500000001,1,2020-08-01
2020,9,Cougar Bay,411575.5,0.39791666666666675,163772.7510416667,1,2020-09-01
2020,9,Sheep Pass,950883.6,0.5533333333333333,526155.592,1,2020-09-01
2020,10,Cougar Bay,296449,1.2722222222222217,377149.0055555554,1,2020-10-01
2020,10,Kid Bay,604069,0,0,1,2020-10-01
2020,10,Sheep Pass,949694.5,1.588095238095238,1508205.313095238,1,2020-10-01
2020,11,Cougar Bay,234536.33333333334,3.3277777777777797,780484.7981481487,1,2020-11-01
2020,11,Kid Bay,603126,0.0833333333333333,50260.49999999998,1,2020-11-01
2020,11,Sheep Pass,948345.5,2.5541666666666667,2422232.4645833336,1,2020-11-01
2020,12,Cougar Bay,25121,0,0,1,2020-12-01
2020,12,Kid Bay,598207.4,0.5433333333333334,325026.02066666674,1,2020-12-01
2020,12,Sheep Pass,942848,1.4504464285714287,1367550.5142857144,1,2020-12-01
2021,1,Cougar Bay,0,0,0,1,2021-01-01
2021,1,Kid Bay,589438,0.04739583333333334,27936.905208333337,1,2021-01-01
2021,1,Sheep Pass,937966.2,0.9808333333333333,919988.5144999999,1,2021-01-01
2021,2,Kid Bay,583376,0.06458333333333333,37676.36666666666,1,2021-02-01
2021,2,Sheep Pass,935356,2.1014880952380945,1965639.4988095232,1,2021-02-01
2021,3,Cougar Bay,591438,0,0,1,2021-03-01
2021,3,Kid Bay,581934.5,0.20416666666666677,118811.6270833334,1,2021-03-01
2021,3,Sheep Pass,884890.25,0.24583333333333351,217535.51979166683,1,2021-03-01
2021,4,Cougar Bay,574566,0,0,1,2021-04-01
2021,4,Kid Bay,580467.4,0.5566666666666668,323126.85266666673,1,2021-04-01
2021,4,Sheep Pass,571612.8,0.6833333333333333,390602.08,1,2021-04-01
2021,5,Cougar Bay,571548,0.054166666666666675,30958.850000000006,1,2021-05-01
2021,5,Kid Bay,578770,0.38458333333333344,222585.2958333334,1,2021-05-01
2021,5,Sheep Pass,510769.1666666667,1.0134920634920634,517660.4966931217,1,2021-05-01
2021,6,Cougar Bay,568924.3333333334,0.32777777777777756,186480.75370370358,1,2021-06-01
2021,6,Kid Bay,577899,0.5083333333333335,293765.3250000001,1,2021-06-01
2021,6,Sheep Pass,388106,0.12916666666666665,50130.35833333333,1,2021-06-01
2021,7,Cougar Bay,556848.6666666666,0.995238095238095,554197.0063492062,1,2021-07-01
2021,7,Kid Bay,577570,0.6093750000000001,351956.71875000006,1,2021-07-01
2021,7,Sheep Pass,332682,0.06160714285714286,20495.5875,1,2021-07-01
2021,8,Cougar Bay,535754,0.27916666666666656,149564.65833333327,1,2021-08-01
2021,8,Kid Bay,576648.5,0.1650862068965519,95196.71357758631,1,2021-08-01
2021,8,Sheep Pass,330622.6,0.0942857142857142,31172.98799999997,1,2021-08-01
2021,9,Cougar Bay,528565.75,0.5958333333333333,314937.09270833334,1,2021-09-01
2021,9,Kid Bay,575869.4,0.11355932203389836,65395.33864406783,1,2021-09-01
2021,9,Sheep Pass,326772.6666666667,0.04305555555555554,14069.3787037037,1,2021-09-01
2021,10,Cougar Bay,525272.3333333334,1.8499999999999999,971753.8166666667,1,2021-10-01
2021,10,Kid Bay,574929.5,0.16271186440677976,93547.85084745768,1,2021-10-01
2021,10,Sheep Pass,325713.5,0.09999999999999983,32571.349999999944,1,2021-10-01
2021,11,Alexander,604214,0,0,1,2021-11-01
2021,11,Cougar Bay,522543,2.4388888888888887,1274424.3166666667,1,2021-11-01
2021,11,Kid Bay,573968.8,0.2905649717514124,166775.22815819207,1,2021-11-01
2021,11,Sheep Pass,325417,0.25000000000000033,81354.2500000001,1,2021-11-01
2021,12,Alexander,600069.5,0,0,1,2021-12-01
2021,12,Cougar Bay,519898.6666666667,4.927777777777775,2561945.096296295,1,2021-12-01
2021,12,Kid Bay,572606.6666666666,0.627777777777778,359469.74074074085,1,2021-12-01
2021,12,Sheep Pass,0,0,0,1,2021-12-01
2022,1,Alexander,592513.25,0.4833333333333333,286381.4041666666,1,2022-01-01
2022,1,Cougar Bay,516787.75,4.905833333333333,2535274.570208333,1,2022-01-01
2022,1,Kid Bay,516466.6666666667,0.828060263653484,427665.524168236,1,2022-01-01
2022,2,Alexander,586819.4,0.46749999999999997,274338.0695,1,2022-02-01
2022,2,Cougar Bay,513422,1.425625,731947.2387499999,1,2022-02-01
2022,2,Kid Bay,450374.6,1.0083333333333333,454127.7216666666,1,2022-02-01
2022,3,Alexander,581701.5,0.41666666666666663,242375.62499999997,1,2022-03-01
2022,3,Cougar Bay,511673,0.6673519736842104,341465.986430921,1,2022-03-01
2022,3,Kid Bay,449918,0.5299404761904764,238429.75916666674,1,2022-03-01
2022,3,Sheep Pass,632387,0,0,1,2022-03-01
2022,4,Alexander,579512.6,0.04291666666666666,24870.74908333333,1,2022-04-01
2022,4,Cougar Bay,508505,0.23333333333333342,118651.16666666672,1,2022-04-01
2022,4,Kid Bay,422669,0.1759180790960453,74355.11857344637,1,2022-04-01
2022,4,Sheep Pass,631402.75,0.029166666666666674,18415.913541666672,1,2022-04-01
2022,5,Alexander,578105.4,0.21999999999999995,127183.18799999998,1,2022-05-01
2022,5,Cougar Bay,506700,1.322395833333335,670057.9687500008,1,2022-05-01
2022,5,Kid Bay,412158.5,0.8916666666666666,367507.9958333333,1,2022-05-01
2022,5,Sheep Pass,630209.5,0.13958333333333334,87966.74270833333,1,2022-05-01
2022,6,Alexander,577023.5,0.6895833333333339,397905.788541667,1,2022-06-01
2022,6,Cougar Bay,433819,1.9958134920634931,865821.8133134926,1,2022-06-01
2022,6,Kid Bay,295150,1.4541666666666666,429197.2916666666,1,2022-06-01
2022,6,Sheep Pass,627749.6,0.10166666666666666,63821.209333333325,1,2022-06-01
2022,7,Alexander,576358,2.2979166666666666,1324422.6541666666,1,2022-07-01
2022,7,Cougar Bay,349986.5,1.5500000000000007,542479.0750000003,1,2022-07-01
2022,7,Sheep Pass,623560,0.4666666666666668,290994.66666666674,1,2022-07-01
2022,8,Alexander,575060.6,1.0637499999999993,611720.7132499996,1,2022-08-01
2022,8,Cougar Bay,345824.5,0.8416666666666665,291068.9541666666,1,2022-08-01
2022,8,Sheep Pass,622368,0.6208333333333332,386386.79999999993,1,2022-08-01
