site_name,brood_year,lat,long,site_num
LAGOON CREEK,2004,52.9370681344608,-131.967588771934,1
WINDY BAY CREEK,2004,52.692608357982,-131.458063293533,2
BISH CREEK,2004,50.5126071128819,-127.734111659177,3
HEAD CREEK,2004,50.294550687196804,-127.71837094842,4
ANDERSON CREEK,2004,49.6404758319326,-123.987583453276,5
BARNARD CREEK,2004,53.0529948883172,-129.119624635793,6
BLACK ROCK CREEK,2004,53.19763613729,-129.314865778186,7
BLEE CREEK,2004,52.744788899875,-128.724587363858,8
BLOOMFIELD CREEK,2004,52.8570636052279,-128.682263296488,9
BOTTLENECK CREEK,2004,52.7048412982792,-128.388769365065,10
BULLOCK CHANNEL #2 CREEK,2004,52.402679642461,-128.077143469078,11
CANYON CREEK,2004,52.6643453512386,-128.215620939465,12
CLATSE CREEK,2004,52.3357190521707,-127.837934677419,13
CRANE BAY CREEK,2004,53.2329180805699,-129.293656848506,14
DALLAIN CREEK,2004,52.6575674497572,-128.890126218526,15
FURY CREEK,2004,52.6666795252643,-129.016829385249,16
GIL CREEK,2004,53.1057048623277,-129.207811740518,17
GOAT BUSHU CREEK,2004,52.2085015367676,-127.883158980877,18
GORILLA CREEK,2004,52.7114766958384,-128.316691515766,19
HIRD POINT CREEK,2004,52.5692822173898,-128.232015366148,20
KADJUSDIS RIVER,2004,52.1533433089102,-128.04397520282,21
KISKOSH CREEK,2004,53.5766823473423,-129.349232370604,22
KUNSOOT RIVER,2004,52.1475296920446,-128.003274261342,23
KWAKUSDIS RIVER,2004,52.301114999117,-128.118809734568,24
LADEKIN CREEK,2004,53.1976675079654,-129.061990721423,25
LAGOON CREEK,2004,53.373882041322,-129.428342093335,26
LAGOON CREEK,2004,52.6026414456055,-128.441579083942,27
LITTLE CREEK,2004,52.6890937836426,-128.582315360237,28
NEEKAS CREEK,2004,52.4738829818417,-128.161432177233,29
QUIGLEY CREEK,2004,52.6544212850719,-128.734868559071,30
SALMON BAY CREEK,2004,52.4823840845309,-128.195756747822,31
TRAHEY CREEK,2004,52.7143136606323,-128.806477825757,32
TURN CREEK,2004,53.2243571612755,-129.30254081048,33
TURTLE CREEK,2004,53.3211606745329,-129.279866304512,34
TYLER CREEK,2004,52.8475698140021,-128.781519271162,35
WEBSTER LAKE CREEK,2004,52.2838080214988,-127.989692225168,36
AALTANHASH RIVER,2004,53.146559906844,-128.477472973342,37
ANDERSON CREEK,2004,54.0151181797292,-128.682019811456,38
ARNOUP CREEK,2004,52.9720681547635,-128.67669416127,39
BIG BAY CREEK,2004,52.7887187395673,-127.993456375527,40
BIG CREEK,2004,52.759867117172,-127.885509817499,41
BIG TILLHORN CREEK,2004,53.5807342422235,-129.179397129091,42
BISH CREEK,2004,53.9231459269673,-128.738164914189,43
BOLIN BAY CREEK,2004,52.8373412210321,-128.225157577342,44
BRIM RIVER,2004,53.5118273073412,-128.365565958899,45
CANOONA RIVER,2004,53.0733255516754,-128.568263090691,46
CARTER RIVER,2004,52.8391798523202,-128.375394618213,47
DALA RIVER,2004,53.8484527502283,-128.514099126165,48
DALLY CREEK,2004,52.885809853999,-128.664679889507,49
DUTHIE CREEK,2004,52.7787463818556,-128.279702941745,50
EAGLE BAY CREEK,2004,53.7992123003166,-128.708890821401,51
EAST ARM CREEK,2004,53.1582184238227,-128.893460666827,52
EMSLEY CREEK,2004,53.9023663550384,-128.794882557711,53
EVELYN CREEK,2004,53.5842848283357,-128.955547923093,54
FIFER COVE CREEK,2004,52.8561720553342,-128.681348796045,55
FISHTRAP BAY CREEK,2004,53.5578201622009,-129.021062444687,56
FOCH RIVER,2004,53.8323824989254,-129.09278167809,57
GILTTOYEES CREEK,2004,53.9005604226649,-129.026727023781,58
GREEN RIVER,2004,52.996198934554,-128.37825705121,59
GREEN RIVER,2004,52.3305207356973,-127.454150883794,60
HAWKSBURY ISLAND CREEK,2004,53.4924759953909,-129.102889287723,61
HOTSPRING CREEK,2004,53.4494549833739,-128.553045492751,62
HUGH CREEK,2004,53.7266958262585,-128.77650488061,63
JAMES BAY CREEK,2004,52.7188332210951,-128.224110509928,64
KAINET CREEK,2004,52.7564471011966,-127.877191244144,65
KEMANO RIVER,2004,53.483939419048,-128.124810984649,66
KHUTZE RIVER,2004,53.0852436775182,-128.412168857154,67
KILTUISH RIVER,2004,53.3218597399907,-128.466639337559,68
KITKIATA CREEK,2004,53.6385528604189,-129.272319609175,69
KORICH CREEK,2004,52.8321015613233,-128.123243483674,70
LARD CREEK,2004,52.735383539551,-127.825586413584,71
LITTLE TILLHORN CREEK,2004,53.5517444603557,-129.168315670656,72
MARSHALL CREEK,2004,53.0870179085439,-128.510432397968,73
MUSSEL RIVER,2004,52.9205763158124,-128.032495939088,74
PARIL RIVER,2004,53.4884310234706,-128.765916896797,75
POISON COVE CREEK,2004,52.900991970915904,-128.021454508538,76
QUAAL RIVER,2004,53.6481948693458,-129.303406745887,77
RIORDAN CREEK,2004,53.4336903499642,-128.958473230685,78
RONALD CREEK,2004,52.9424164763082,-128.68422547353,79
SCOW BAY CREEK,2004,53.2241635564665,-128.662550075594,80
SODA CREEK,2004,52.8343916393975,-128.549082681687,81
TAYLOR CREEK,2004,52.9789417699517,-128.50949460753,82
VERNEY PASSAGE CREEK,2004,53.5684461855044,-128.997465435609,83
WAHOO CREEK,2004,53.4920814609271,-128.119188266933,84
WATHL CREEK,2004,53.9788698283877,-128.651582105229,85
WEEWANIE CREEK,2004,53.6908940454927,-128.78612877621,86
WEST ARM CREEK,2004,53.1377681213758,-128.977444734323,87
WINDY BAY CREEK,2004,52.7753368358132,-128.203339034235,88
HEAD CREEK,2004,53.9642594374288,-130.336035972985,89
HOTSPRING CREEK,2004,54.3652173450191,-128.549869125966,90
CANYON CREEK,2004,54.8235751243978,-127.150819583464,91
GREEN RIVER,2004,50.3020300863252,-122.722018795587,92
LAGOON CREEK,2005,52.9370681344608,-131.967588771934,1
BISH CREEK,2005,50.5126071128819,-127.734111659177,2
ANDERSON CREEK,2005,49.6404758319326,-123.987583453276,3
BARNARD CREEK,2005,53.0529948883172,-129.119624635793,4
BLACK ROCK CREEK,2005,53.19763613729,-129.314865778186,5
BLEE CREEK,2005,52.744788899875,-128.724587363858,6
BLOOMFIELD CREEK,2005,52.8570636052279,-128.682263296488,7
BULLOCK CHANNEL #2 CREEK,2005,52.402679642461,-128.077143469078,8
CANYON CREEK,2005,52.6643453512386,-128.215620939465,9
CLATSE CREEK,2005,52.3357190521707,-127.837934677419,10
CRANE BAY CREEK,2005,53.2329180805699,-129.293656848506,11
GIL CREEK,2005,53.1057048623277,-129.207811740518,12
GOAT BUSHU CREEK,2005,52.2085015367676,-127.883158980877,13
KADJUSDIS RIVER,2005,52.1533433089102,-128.04397520282,14
KISKOSH CREEK,2005,53.5766823473423,-129.349232370604,15
KUNSOOT RIVER,2005,52.1475296920446,-128.003274261342,16
KWAKUSDIS RIVER,2005,52.301114999117,-128.118809734568,17
LAGOON CREEK,2005,53.373882041322,-129.428342093335,18
LAGOON CREEK,2005,52.6026414456055,-128.441579083942,19
MCLOUGHLIN CREEK,2005,52.1370403703067,-128.146921478113,20
MISSED CREEK,2005,53.5036844985782,-129.281457218191,21
NEEKAS CREEK,2005,52.4738829818417,-128.161432177233,22
POWLES CREEK,2005,52.7028815428567,-128.742462055279,23
PYNE CREEK,2005,52.8486123278588,-128.813083095686,24
SALMON BAY CREEK,2005,52.4823840845309,-128.195756747822,25
TANKEEAH RIVER,2005,52.3058732621969,-128.257773494866,26
TURN CREEK,2005,53.2243571612755,-129.30254081048,27
TURTLE CREEK,2005,53.3211606745329,-129.279866304512,28
TYLER CREEK,2005,52.8475698140021,-128.781519271162,29
WEBSTER LAKE CREEK,2005,52.2838080214988,-127.989692225168,30
ANDERSON CREEK,2005,54.0151181797292,-128.682019811456,31
ARNOUP CREEK,2005,52.9720681547635,-128.67669416127,32
BIG BAY CREEK,2005,52.7887187395673,-127.993456375527,33
BIG TILLHORN CREEK,2005,53.5807342422235,-129.179397129091,34
BISH CREEK,2005,53.9231459269673,-128.738164914189,35
BRIM RIVER,2005,53.5118273073412,-128.365565958899,36
CANOONA RIVER,2005,53.0733255516754,-128.568263090691,37
CARTER RIVER,2005,52.8391798523202,-128.375394618213,38
CRAB RIVER,2005,53.5666170047312,-128.764504232105,39
DALA RIVER,2005,53.8484527502283,-128.514099126165,40
DALLY CREEK,2005,52.885809853999,-128.664679889507,41
DUTHIE CREEK,2005,52.7787463818556,-128.279702941745,42
EAGLE BAY CREEK,2005,53.7992123003166,-128.708890821401,43
EMSLEY CREEK,2005,53.9023663550384,-128.794882557711,44
EVELYN CREEK,2005,53.5842848283357,-128.955547923093,45
FIFER COVE CREEK,2005,52.8561720553342,-128.681348796045,46
FISHTRAP BAY CREEK,2005,53.5578201622009,-129.021062444687,47
FOCH RIVER,2005,53.8323824989254,-129.09278167809,48
GREEN RIVER,2005,52.996198934554,-128.37825705121,49
GREEN RIVER,2005,52.3305207356973,-127.454150883794,50
HAWKSBURY ISLAND CREEK,2005,53.4924759953909,-129.102889287723,51
HOTSPRING CREEK,2005,53.4494549833739,-128.553045492751,52
HUGH CREEK,2005,53.7266958262585,-128.77650488061,53
JAMES BAY CREEK,2005,52.7188332210951,-128.224110509928,54
KAINET CREEK,2005,52.7564471011966,-127.877191244144,55
KEMANO RIVER,2005,53.483939419048,-128.124810984649,56
KHUTZE RIVER,2005,53.0852436775182,-128.412168857154,57
KIHESS CREEK,2005,53.6610397111103,-129.194900015676,58
KILTUISH RIVER,2005,53.3218597399907,-128.466639337559,59
KITKIATA CREEK,2005,53.6385528604189,-129.272319609175,60
KORICH CREEK,2005,52.8321015613233,-128.123243483674,61
LARD CREEK,2005,52.735383539551,-127.825586413584,62
LITTLE TILLHORN CREEK,2005,53.5517444603557,-129.168315670656,63
MUSSEL RIVER,2005,52.9205763158124,-128.032495939088,64
NIAS CREEK,2005,52.9233220941439,-128.743834226502,65
PARIL RIVER,2005,53.4884310234706,-128.765916896797,66
PIKE CREEK,2005,53.6725203212964,-128.800661983134,67
POISON COVE CREEK,2005,52.900991970915904,-128.021454508538,68
QUAAL RIVER,2005,53.6481948693458,-129.303406745887,69
QUARTCHA CREEK,2005,52.5153859812471,-127.841548809298,70
RIORDAN CREEK,2005,53.4336903499642,-128.958473230685,71
RONALD CREEK,2005,52.9424164763082,-128.68422547353,72
SCOW BAY CREEK,2005,53.2241635564665,-128.662550075594,73
SODA CREEK,2005,52.8343916393975,-128.549082681687,74
VERNEY PASSAGE CREEK,2005,53.5684461855044,-128.997465435609,75
WAHOO CREEK,2005,53.4920814609271,-128.119188266933,76
WATHL CREEK,2005,53.9788698283877,-128.651582105229,77
WEEWANIE CREEK,2005,53.6908940454927,-128.78612877621,78
WEST ARM CREEK,2005,53.1377681213758,-128.977444734323,79
WHALEN CREEK,2005,53.2463199253633,-129.071472254647,80
HOTSPRING CREEK,2005,54.3652173450191,-128.549869125966,81
CANYON CREEK,2005,54.8235751243978,-127.150819583464,82
GREEN RIVER,2005,50.3020300863252,-122.722018795587,83
LAGOON CREEK,2006,52.9370681344608,-131.967588771934,1
BISH CREEK,2006,50.5126071128819,-127.734111659177,2
HEAD CREEK,2006,50.294550687196804,-127.71837094842,3
ANDERSON CREEK,2006,49.6404758319326,-123.987583453276,4
BARNARD CREEK,2006,53.0529948883172,-129.119624635793,5
BLACK ROCK CREEK,2006,53.19763613729,-129.314865778186,6
BLOOMFIELD CREEK,2006,52.8570636052279,-128.682263296488,7
BOTTLENECK CREEK,2006,52.7048412982792,-128.388769365065,8
BULLOCK CHANNEL #2 CREEK,2006,52.402679642461,-128.077143469078,9
CANYON CREEK,2006,52.6643453512386,-128.215620939465,10
CLATSE CREEK,2006,52.3357190521707,-127.837934677419,11
CRANE BAY CREEK,2006,53.2329180805699,-129.293656848506,12
FURY CREEK,2006,52.6666795252643,-129.016829385249,13
GIL CREEK,2006,53.1057048623277,-129.207811740518,14
HIRD POINT CREEK,2006,52.5692822173898,-128.232015366148,15
KISKOSH CREEK,2006,53.5766823473423,-129.349232370604,16
KUNSOOT RIVER,2006,52.1475296920446,-128.003274261342,17
KWAKUSDIS RIVER,2006,52.301114999117,-128.118809734568,18
LAGOON CREEK,2006,53.373882041322,-129.428342093335,19
LAGOON CREEK,2006,52.6026414456055,-128.441579083942,20
LIMESTONE CREEK,2006,52.6926912787992,-129.061419896283,21
LITTLE CREEK,2006,52.6890937836426,-128.582315360237,22
MISSED CREEK,2006,53.5036844985782,-129.281457218191,23
NEEKAS CREEK,2006,52.4738829818417,-128.161432177233,24
PRICE CREEK,2006,52.4705858621984,-128.733722445166,25
SALMON BAY CREEK,2006,52.4823840845309,-128.195756747822,26
STANNARD CREEK,2006,52.7359558820503,-129.261913401566,27
TANKEEAH RIVER,2006,52.3058732621969,-128.257773494866,28
TURN CREEK,2006,53.2243571612755,-129.30254081048,29
TURTLE CREEK,2006,53.3211606745329,-129.279866304512,30
TYLER CREEK,2006,52.8475698140021,-128.781519271162,31
AALTANHASH RIVER,2006,53.146559906844,-128.477472973342,32
ANDERSON CREEK,2006,54.0151181797292,-128.682019811456,33
ARNOUP CREEK,2006,52.9720681547635,-128.67669416127,34
BIG BAY CREEK,2006,52.7887187395673,-127.993456375527,35
BIG TILLHORN CREEK,2006,53.5807342422235,-129.179397129091,36
BISH CREEK,2006,53.9231459269673,-128.738164914189,37
BOLIN BAY CREEK,2006,52.8373412210321,-128.225157577342,38
BRIM RIVER,2006,53.5118273073412,-128.365565958899,39
CANOONA RIVER,2006,53.0733255516754,-128.568263090691,40
CARTER RIVER,2006,52.8391798523202,-128.375394618213,41
CRAB RIVER,2006,53.5666170047312,-128.764504232105,42
DALA RIVER,2006,53.8484527502283,-128.514099126165,43
DUTHIE CREEK,2006,52.7787463818556,-128.279702941745,44
EAGLE BAY CREEK,2006,53.7992123003166,-128.708890821401,45
EAST ARM CREEK,2006,53.1582184238227,-128.893460666827,46
EVELYN CREEK,2006,53.5842848283357,-128.955547923093,47
FIFER COVE CREEK,2006,52.8561720553342,-128.681348796045,48
FOCH RIVER,2006,53.8323824989254,-129.09278167809,49
GREEN RIVER,2006,52.996198934554,-128.37825705121,50
GREEN RIVER,2006,52.3305207356973,-127.454150883794,51
HAWKSBURY ISLAND CREEK,2006,53.4924759953909,-129.102889287723,52
HOTSPRING CREEK,2006,53.4494549833739,-128.553045492751,53
HUGH CREEK,2006,53.7266958262585,-128.77650488061,54
JAMES BAY CREEK,2006,52.7188332210951,-128.224110509928,55
KAINET CREEK,2006,52.7564471011966,-127.877191244144,56
KEMANO RIVER,2006,53.483939419048,-128.124810984649,57
KHUTZE RIVER,2006,53.0852436775182,-128.412168857154,58
KILTUISH RIVER,2006,53.3218597399907,-128.466639337559,59
KITKIATA CREEK,2006,53.6385528604189,-129.272319609175,60
KLEKANE RIVER,2006,53.2463705696629,-128.686110204928,61
KORICH CREEK,2006,52.8321015613233,-128.123243483674,62
LARD CREEK,2006,52.735383539551,-127.825586413584,63
LITTLE TILLHORN CREEK,2006,53.5517444603557,-129.168315670656,64
MARMOT COVE CREEK,2006,53.1722511281066,-128.629282124049,65
MUSSEL RIVER,2006,52.9205763158124,-128.032495939088,66
NIAS CREEK,2006,52.9233220941439,-128.743834226502,67
PARIL RIVER,2006,53.4884310234706,-128.765916896797,68
QUAAL RIVER,2006,53.6481948693458,-129.303406745887,69
QUARTCHA CREEK,2006,52.5153859812471,-127.841548809298,70
RIORDAN CREEK,2006,53.4336903499642,-128.958473230685,71
ROSCOE CREEK,2006,52.4751833412301,-127.743248965801,72
SCOW BAY CREEK,2006,53.2241635564665,-128.662550075594,73
SODA CREEK,2006,52.8343916393975,-128.549082681687,74
VERNEY PASSAGE CREEK,2006,53.5684461855044,-128.997465435609,75
WAHOO CREEK,2006,53.4920814609271,-128.119188266933,76
WEEWANIE CREEK,2006,53.6908940454927,-128.78612877621,77
WEST ARM CREEK,2006,53.1377681213758,-128.977444734323,78
WHALEN CREEK,2006,53.2463199253633,-129.071472254647,79
HEAD CREEK,2006,53.9642594374288,-130.336035972985,80
PRICE CREEK,2006,55.0877829222523,-128.129514952312,81
HOTSPRING CREEK,2006,54.3652173450191,-128.549869125966,82
CANYON CREEK,2006,54.8235751243978,-127.150819583464,83
GREEN RIVER,2006,50.3020300863252,-122.722018795587,84
LIMESTONE CREEK,2006,52.7343832082705,-120.88236937431,85
EAGLE CREEK,2007,49.3536173530067,-123.268250064664,1
LAGOON CREEK,2007,52.9370681344608,-131.967588771934,2
WINDY BAY CREEK,2007,52.692608357982,-131.458063293533,3
BISH CREEK,2007,50.5126071128819,-127.734111659177,4
HEAD CREEK,2007,50.294550687196804,-127.71837094842,5
ANDERSON CREEK,2007,49.6404758319326,-123.987583453276,6
BARNARD CREEK,2007,53.0529948883172,-129.119624635793,7
BLEE CREEK,2007,52.744788899875,-128.724587363858,8
BLOOMFIELD CREEK,2007,52.8570636052279,-128.682263296488,9
BULLOCK CHANNEL #2 CREEK,2007,52.402679642461,-128.077143469078,10
CANYON CREEK,2007,52.6643453512386,-128.215620939465,11
CLATSE CREEK,2007,52.3357190521707,-127.837934677419,12
CRANE BAY CREEK,2007,53.2329180805699,-129.293656848506,13
EAGLE CREEK,2007,52.6753799996009,-129.175073338797,14
GIL CREEK,2007,53.1057048623277,-129.207811740518,15
GOAT BUSHU CREEK,2007,52.2085015367676,-127.883158980877,16
GORILLA CREEK,2007,52.7114766958384,-128.316691515766,17
HIRD POINT CREEK,2007,52.5692822173898,-128.232015366148,18
KISKOSH CREEK,2007,53.5766823473423,-129.349232370604,19
KUNSOOT RIVER,2007,52.1475296920446,-128.003274261342,20
KWAKUSDIS RIVER,2007,52.301114999117,-128.118809734568,21
LAGOON CREEK,2007,53.373882041322,-129.428342093335,22
LAGOON CREEK,2007,52.6026414456055,-128.441579083942,23
MISSED CREEK,2007,53.5036844985782,-129.281457218191,24
NEEKAS CREEK,2007,52.4738829818417,-128.161432177233,25
PACKE CREEK,2007,52.9162209830032,-128.744070163966,26
PYNE CREEK,2007,52.8486123278588,-128.813083095686,27
QUIGLEY CREEK,2007,52.6544212850719,-128.734868559071,28
SALMON BAY CREEK,2007,52.4823840845309,-128.195756747822,29
STANNARD CREEK,2007,52.7359558820503,-129.261913401566,30
TANKEEAH RIVER,2007,52.3058732621969,-128.257773494866,31
TURN CREEK,2007,53.2243571612755,-129.30254081048,32
TURTLE CREEK,2007,53.3211606745329,-129.279866304512,33
TYLER CREEK,2007,52.8475698140021,-128.781519271162,34
AALTANHASH RIVER,2007,53.146559906844,-128.477472973342,35
ANDERSON CREEK,2007,54.0151181797292,-128.682019811456,36
ARNOUP CREEK,2007,52.9720681547635,-128.67669416127,37
BIG BAY CREEK,2007,52.7887187395673,-127.993456375527,38
BIG CREEK,2007,52.759867117172,-127.885509817499,39
BIG TILLHORN CREEK,2007,53.5807342422235,-129.179397129091,40
BISH CREEK,2007,53.9231459269673,-128.738164914189,41
BOLIN BAY CREEK,2007,52.8373412210321,-128.225157577342,42
BRIM RIVER,2007,53.5118273073412,-128.365565958899,43
CANOONA RIVER,2007,53.0733255516754,-128.568263090691,44
CARTER RIVER,2007,52.8391798523202,-128.375394618213,45
CRAB RIVER,2007,53.5666170047312,-128.764504232105,46
DALA RIVER,2007,53.8484527502283,-128.514099126165,47
DALLY CREEK,2007,52.885809853999,-128.664679889507,48
DUTHIE CREEK,2007,52.7787463818556,-128.279702941745,49
EAGLE BAY CREEK,2007,53.7992123003166,-128.708890821401,50
EAST ARM CREEK,2007,53.1582184238227,-128.893460666827,51
EVELYN CREEK,2007,53.5842848283357,-128.955547923093,52
FISHTRAP BAY CREEK,2007,53.5578201622009,-129.021062444687,53
FOCH RIVER,2007,53.8323824989254,-129.09278167809,54
GILTTOYEES CREEK,2007,53.9005604226649,-129.026727023781,55
GREEN RIVER,2007,52.996198934554,-128.37825705121,56
GREEN RIVER,2007,52.3305207356973,-127.454150883794,57
HAWKSBURY ISLAND CREEK,2007,53.4924759953909,-129.102889287723,58
HOTSPRING CREEK,2007,53.4494549833739,-128.553045492751,59
HUGH CREEK,2007,53.7266958262585,-128.77650488061,60
JAMES BAY CREEK,2007,52.7188332210951,-128.224110509928,61
KAINET CREEK,2007,52.7564471011966,-127.877191244144,62
KEMANO RIVER,2007,53.483939419048,-128.124810984649,63
KHUTZE RIVER,2007,53.0852436775182,-128.412168857154,64
KIHESS CREEK,2007,53.6610397111103,-129.194900015676,65
KILDALA RIVER,2007,53.821982588921,-128.491424608905,66
KILTUISH RIVER,2007,53.3218597399907,-128.466639337559,67
KITKIATA CREEK,2007,53.6385528604189,-129.272319609175,68
KLEKANE RIVER,2007,53.2463705696629,-128.686110204928,69
KORICH CREEK,2007,52.8321015613233,-128.123243483674,70
LARD CREEK,2007,52.735383539551,-127.825586413584,71
LITTLE TILLHORN CREEK,2007,53.5517444603557,-129.168315670656,72
MARMOT COVE CREEK,2007,53.1722511281066,-128.629282124049,73
MARSHALL CREEK,2007,53.0870179085439,-128.510432397968,74
MUSSEL RIVER,2007,52.9205763158124,-128.032495939088,75
NIAS CREEK,2007,52.9233220941439,-128.743834226502,76
PARIL RIVER,2007,53.4884310234706,-128.765916896797,77
POISON COVE CREEK,2007,52.900991970915904,-128.021454508538,78
QUAAL RIVER,2007,53.6481948693458,-129.303406745887,79
QUARTCHA CREEK,2007,52.5153859812471,-127.841548809298,80
RIORDAN CREEK,2007,53.4336903499642,-128.958473230685,81
ROSCOE CREEK,2007,52.4751833412301,-127.743248965801,82
SCOW BAY CREEK,2007,53.2241635564665,-128.662550075594,83
TAYLOR CREEK,2007,52.9789417699517,-128.50949460753,84
VERNEY PASSAGE CREEK,2007,53.5684461855044,-128.997465435609,85
WAHOO CREEK,2007,53.4920814609271,-128.119188266933,86
WATHL CREEK,2007,53.9788698283877,-128.651582105229,87
WEEWANIE CREEK,2007,53.6908940454927,-128.78612877621,88
WEST ARM CREEK,2007,53.1377681213758,-128.977444734323,89
WHALEN CREEK,2007,53.2463199253633,-129.071472254647,90
WINDY BAY CREEK,2007,52.7753368358132,-128.203339034235,91
HEAD CREEK,2007,53.9642594374288,-130.336035972985,92
HOTSPRING CREEK,2007,54.3652173450191,-128.549869125966,93
CANYON CREEK,2007,54.8235751243978,-127.150819583464,94
GREEN RIVER,2007,50.3020300863252,-122.722018795587,95
EAGLE CREEK,2008,49.3536173530067,-123.268250064664,1
LAGOON CREEK,2008,52.9370681344608,-131.967588771934,2
WINDY BAY CREEK,2008,52.692608357982,-131.458063293533,3
BISH CREEK,2008,50.5126071128819,-127.734111659177,4
HEAD CREEK,2008,50.294550687196804,-127.71837094842,5
ANDERSON CREEK,2008,49.6404758319326,-123.987583453276,6
LEE CREEK,2008,51.009163461574,-127.194214450817,7
BARNARD CREEK,2008,53.0529948883172,-129.119624635793,8
BLACK ROCK CREEK,2008,53.19763613729,-129.314865778186,9
BLEE CREEK,2008,52.744788899875,-128.724587363858,10
CANYON CREEK,2008,52.6643453512386,-128.215620939465,11
CLATSE CREEK,2008,52.3357190521707,-127.837934677419,12
CRANE BAY CREEK,2008,53.2329180805699,-129.293656848506,13
EAGLE CREEK,2008,52.6753799996009,-129.175073338797,14
GIL CREEK,2008,53.1057048623277,-129.207811740518,15
HIRD POINT CREEK,2008,52.5692822173898,-128.232015366148,16
KISKOSH CREEK,2008,53.5766823473423,-129.349232370604,17
LADEKIN CREEK,2008,53.1976675079654,-129.061990721423,18
LAGOON CREEK,2008,53.373882041322,-129.428342093335,19
LAGOON CREEK,2008,52.6026414456055,-128.441579083942,20
LIMESTONE CREEK,2008,52.6926912787992,-129.061419896283,21
MISSED CREEK,2008,53.5036844985782,-129.281457218191,22
NEEKAS CREEK,2008,52.4738829818417,-128.161432177233,23
POWLES CREEK,2008,52.7028815428567,-128.742462055279,24
QUIGLEY CREEK,2008,52.6544212850719,-128.734868559071,25
SALMON BAY CREEK,2008,52.4823840845309,-128.195756747822,26
STANNARD CREEK,2008,52.7359558820503,-129.261913401566,27
TANKEEAH RIVER,2008,52.3058732621969,-128.257773494866,28
TURN CREEK,2008,53.2243571612755,-129.30254081048,29
TURTLE CREEK,2008,53.3211606745329,-129.279866304512,30
TYLER CREEK,2008,52.8475698140021,-128.781519271162,31
AALTANHASH RIVER,2008,53.146559906844,-128.477472973342,32
ANDERSON CREEK,2008,54.0151181797292,-128.682019811456,33
ANGLER COVE CREEK,2008,53.3170461913762,-128.883592058261,34
ARNOUP CREEK,2008,52.9720681547635,-128.67669416127,35
BIG BAY CREEK,2008,52.7887187395673,-127.993456375527,36
BIG CREEK,2008,52.759867117172,-127.885509817499,37
BIG TILLHORN CREEK,2008,53.5807342422235,-129.179397129091,38
BISH CREEK,2008,53.9231459269673,-128.738164914189,39
BOLIN BAY CREEK,2008,52.8373412210321,-128.225157577342,40
BRIM RIVER,2008,53.5118273073412,-128.365565958899,41
CANOONA RIVER,2008,53.0733255516754,-128.568263090691,42
CARTER RIVER,2008,52.8391798523202,-128.375394618213,43
CRAB RIVER,2008,53.5666170047312,-128.764504232105,44
DALA RIVER,2008,53.8484527502283,-128.514099126165,45
DUTHIE CREEK,2008,52.7787463818556,-128.279702941745,46
EAST ARM CREEK,2008,53.1582184238227,-128.893460666827,47
EVELYN CREEK,2008,53.5842848283357,-128.955547923093,48
FOCH RIVER,2008,53.8323824989254,-129.09278167809,49
GREEN RIVER,2008,52.996198934554,-128.37825705121,50
GREEN RIVER,2008,52.3305207356973,-127.454150883794,51
HAWKSBURY ISLAND CREEK,2008,53.4924759953909,-129.102889287723,52
HOTSPRING CREEK,2008,53.4494549833739,-128.553045492751,53
HUGH CREEK,2008,53.7266958262585,-128.77650488061,54
JAMES BAY CREEK,2008,52.7188332210951,-128.224110509928,55
KAINET CREEK,2008,52.7564471011966,-127.877191244144,56
KEMANO RIVER,2008,53.483939419048,-128.124810984649,57
KHUTZE RIVER,2008,53.0852436775182,-128.412168857154,58
KIHESS CREEK,2008,53.6610397111103,-129.194900015676,59
KILTUISH RIVER,2008,53.3218597399907,-128.466639337559,60
KITKIATA CREEK,2008,53.6385528604189,-129.272319609175,61
KLEKANE RIVER,2008,53.2463705696629,-128.686110204928,62
LARD CREEK,2008,52.735383539551,-127.825586413584,63
LEE CREEK,2008,52.5129505194377,-127.832028677145,64
LITTLE TILLHORN CREEK,2008,53.5517444603557,-129.168315670656,65
MARMOT COVE CREEK,2008,53.1722511281066,-128.629282124049,66
MUSSEL RIVER,2008,52.9205763158124,-128.032495939088,67
NIAS CREEK,2008,52.9233220941439,-128.743834226502,68
PARIL RIVER,2008,53.4884310234706,-128.765916896797,69
QUAAL RIVER,2008,53.6481948693458,-129.303406745887,70
QUARTCHA CREEK,2008,52.5153859812471,-127.841548809298,71
RIORDAN CREEK,2008,53.4336903499642,-128.958473230685,72
SCOW BAY CREEK,2008,53.2241635564665,-128.662550075594,73
SODA CREEK,2008,52.8343916393975,-128.549082681687,74
WAHOO CREEK,2008,53.4920814609271,-128.119188266933,75
WEEWANIE CREEK,2008,53.6908940454927,-128.78612877621,76
WEST ARM CREEK,2008,53.1377681213758,-128.977444734323,77
WHALEN CREEK,2008,53.2463199253633,-129.071472254647,78
WINDY BAY CREEK,2008,52.7753368358132,-128.203339034235,79
HEAD CREEK,2008,53.9642594374288,-130.336035972985,80
HOTSPRING CREEK,2008,54.3652173450191,-128.549869125966,81
CANYON CREEK,2008,54.8235751243978,-127.150819583464,82
GREEN RIVER,2008,50.3020300863252,-122.722018795587,83
LIMESTONE CREEK,2008,52.7343832082705,-120.88236937431,84
EAGLE CREEK,2009,49.3536173530067,-123.268250064664,1
LAGOON CREEK,2009,52.9370681344608,-131.967588771934,2
WINDY BAY CREEK,2009,52.692608357982,-131.458063293533,3
BISH CREEK,2009,50.5126071128819,-127.734111659177,4
HEAD CREEK,2009,50.294550687196804,-127.71837094842,5
ANDERSON CREEK,2009,49.6404758319326,-123.987583453276,6
GOAT RIVER,2009,53.5326806466537,-120.559712746848,7
LEE CREEK,2009,51.009163461574,-127.194214450817,8
RAINBOW CREEK,2009,51.1342418889905,-126.720256086952,9
BARNARD CREEK,2009,53.0529948883172,-129.119624635793,10
BLACK ROCK CREEK,2009,53.19763613729,-129.314865778186,11
BLEE CREEK,2009,52.744788899875,-128.724587363858,12
BLOOMFIELD CREEK,2009,52.8570636052279,-128.682263296488,13
BULLOCK CHANNEL #2 CREEK,2009,52.402679642461,-128.077143469078,14
CANYON CREEK,2009,52.6643453512386,-128.215620939465,15
CLATSE CREEK,2009,52.3357190521707,-127.837934677419,16
CRANE BAY CREEK,2009,53.2329180805699,-129.293656848506,17
EAGLE CREEK,2009,52.6753799996009,-129.175073338797,18
FLUX CREEK,2009,52.6066092054173,-129.122995973677,19
GIL CREEK,2009,53.1057048623277,-129.207811740518,20
GOAT BUSHU CREEK,2009,52.2085015367676,-127.883158980877,21
GORILLA CREEK,2009,52.7114766958384,-128.316691515766,22
HIRD POINT CREEK,2009,52.5692822173898,-128.232015366148,23
KADJUSDIS RIVER,2009,52.1533433089102,-128.04397520282,24
KISKOSH CREEK,2009,53.5766823473423,-129.349232370604,25
KWAKUSDIS RIVER,2009,52.301114999117,-128.118809734568,26
LAGOON CREEK,2009,53.373882041322,-129.428342093335,27
LAGOON CREEK,2009,52.6026414456055,-128.441579083942,28
LITTLE CREEK,2009,52.6890937836426,-128.582315360237,29
MISSED CREEK,2009,53.5036844985782,-129.281457218191,30
NEEKAS CREEK,2009,52.4738829818417,-128.161432177233,31
POWLES CREEK,2009,52.7028815428567,-128.742462055279,32
PRICE CREEK,2009,52.4705858621984,-128.733722445166,33
QUIGLEY CREEK,2009,52.6544212850719,-128.734868559071,34
SALLY CREEK,2009,52.208065708995,-128.074903940686,35
SALMON BAY CREEK,2009,52.4823840845309,-128.195756747822,36
STANNARD CREEK,2009,52.7359558820503,-129.261913401566,37
TANKEEAH RIVER,2009,52.3058732621969,-128.257773494866,38
TURN CREEK,2009,53.2243571612755,-129.30254081048,39
TURTLE CREEK,2009,53.3211606745329,-129.279866304512,40
WEBSTER LAKE CREEK,2009,52.2838080214988,-127.989692225168,41
AALTANHASH RIVER,2009,53.146559906844,-128.477472973342,42
ANDERSON CREEK,2009,54.0151181797292,-128.682019811456,43
ANGLER COVE CREEK,2009,53.3170461913762,-128.883592058261,44
BIG BAY CREEK,2009,52.7887187395673,-127.993456375527,45
BIG CREEK,2009,52.759867117172,-127.885509817499,46
BIG TILLHORN CREEK,2009,53.5807342422235,-129.179397129091,47
BISH CREEK,2009,53.9231459269673,-128.738164914189,48
BOLIN BAY CREEK,2009,52.8373412210321,-128.225157577342,49
BRIM RIVER,2009,53.5118273073412,-128.365565958899,50
CANOONA RIVER,2009,53.0733255516754,-128.568263090691,51
CARTER RIVER,2009,52.8391798523202,-128.375394618213,52
CECIL CREEK,2009,54.2004704954426,-128.575974828979,53
CHIST CREEK,2009,54.2530850729024,-128.496542520036,54
CRAB RIVER,2009,53.5666170047312,-128.764504232105,55
DALA RIVER,2009,53.8484527502283,-128.514099126165,56
DALLY CREEK,2009,52.885809853999,-128.664679889507,57
DUTHIE CREEK,2009,52.7787463818556,-128.279702941745,58
EAGLE BAY CREEK,2009,53.7992123003166,-128.708890821401,59
EAST ARM CREEK,2009,53.1582184238227,-128.893460666827,60
EMSLEY CREEK,2009,53.9023663550384,-128.794882557711,61
EVELYN CREEK,2009,53.5842848283357,-128.955547923093,62
FIFER COVE CREEK,2009,52.8561720553342,-128.681348796045,63
FOCH RIVER,2009,53.8323824989254,-129.09278167809,64
GOAT RIVER,2009,53.360762295905,-128.846703575676,65
GREEN RIVER,2009,52.996198934554,-128.37825705121,66
GREEN RIVER,2009,52.3305207356973,-127.454150883794,67
HAWKSBURY ISLAND CREEK,2009,53.4924759953909,-129.102889287723,68
HIRSCH CREEK,2009,54.0902379850358,-128.642465542537,69
HOTSPRING CREEK,2009,53.4494549833739,-128.553045492751,70
HUGH CREEK,2009,53.7266958262585,-128.77650488061,71
HUMPHRYS CREEK,2009,54.1832290177095,-128.572427131685,72
JAMES BAY CREEK,2009,52.7188332210951,-128.224110509928,73
KAINET CREEK,2009,52.7564471011966,-127.877191244144,74
KEMANO RIVER,2009,53.483939419048,-128.124810984649,75
KHUTZE RIVER,2009,53.0852436775182,-128.412168857154,76
KIHESS CREEK,2009,53.6610397111103,-129.194900015676,77
KILDALA RIVER,2009,53.821982588921,-128.491424608905,78
KILTUISH RIVER,2009,53.3218597399907,-128.466639337559,79
KITKIATA CREEK,2009,53.6385528604189,-129.272319609175,80
KLEKANE RIVER,2009,53.2463705696629,-128.686110204928,81
KORICH CREEK,2009,52.8321015613233,-128.123243483674,82
LARD CREEK,2009,52.735383539551,-127.825586413584,83
LEE CREEK,2009,52.5129505194377,-127.832028677145,84
LITTLE TILLHORN CREEK,2009,53.5517444603557,-129.168315670656,85
LITTLE WEDEENE RIVER,2009,54.1217655136711,-128.618587494703,86
MARMOT COVE CREEK,2009,53.1722511281066,-128.629282124049,87
MARSHALL CREEK,2009,53.0870179085439,-128.510432397968,88
MUSSEL RIVER,2009,52.9205763158124,-128.032495939088,89
NIAS CREEK,2009,52.9233220941439,-128.743834226502,90
PARIL RIVER,2009,53.4884310234706,-128.765916896797,91
QUAAL RIVER,2009,53.6481948693458,-129.303406745887,92
QUARTCHA CREEK,2009,52.5153859812471,-127.841548809298,93
RAINBOW CREEK,2009,52.4516767717227,-127.728136003545,94
RIORDAN CREEK,2009,53.4336903499642,-128.958473230685,95
ROSCOE CREEK,2009,52.4751833412301,-127.743248965801,96
SCOW BAY CREEK,2009,53.2241635564665,-128.662550075594,97
VERNEY PASSAGE CREEK,2009,53.5684461855044,-128.997465435609,98
WAHOO CREEK,2009,53.4920814609271,-128.119188266933,99
WATHL CREEK,2009,53.9788698283877,-128.651582105229,100
WEEWANIE CREEK,2009,53.6908940454927,-128.78612877621,101
WHALEN CREEK,2009,53.2463199253633,-129.071472254647,102
WINDY BAY CREEK,2009,52.7753368358132,-128.203339034235,103
HEAD CREEK,2009,53.9642594374288,-130.336035972985,104
PRICE CREEK,2009,55.0877829222523,-128.129514952312,105
HOTSPRING CREEK,2009,54.3652173450191,-128.549869125966,106
CANYON CREEK,2009,54.8235751243978,-127.150819583464,107
GREEN RIVER,2009,50.3020300863252,-122.722018795587,108
LAGOON CREEK,2010,52.9370681344608,-131.967588771934,1
WINDY BAY CREEK,2010,52.692608357982,-131.458063293533,2
BISH CREEK,2010,50.5126071128819,-127.734111659177,3
ANDERSON CREEK,2010,49.6404758319326,-123.987583453276,4
GOAT RIVER,2010,53.5326806466537,-120.559712746848,5
LEE CREEK,2010,51.009163461574,-127.194214450817,6
BARNARD CREEK,2010,53.0529948883172,-129.119624635793,7
BLACK ROCK CREEK,2010,53.19763613729,-129.314865778186,8
BLEE CREEK,2010,52.744788899875,-128.724587363858,9
BLOOMFIELD CREEK,2010,52.8570636052279,-128.682263296488,10
BULLOCK CHANNEL #2 CREEK,2010,52.402679642461,-128.077143469078,11
CANYON CREEK,2010,52.6643453512386,-128.215620939465,12
CLATSE CREEK,2010,52.3357190521707,-127.837934677419,13
CRANE BAY CREEK,2010,53.2329180805699,-129.293656848506,14
GIL CREEK,2010,53.1057048623277,-129.207811740518,15
GOAT BUSHU CREEK,2010,52.2085015367676,-127.883158980877,16
HIRD POINT CREEK,2010,52.5692822173898,-128.232015366148,17
KADJUSDIS RIVER,2010,52.1533433089102,-128.04397520282,18
KISKOSH CREEK,2010,53.5766823473423,-129.349232370604,19
KUNSOOT RIVER,2010,52.1475296920446,-128.003274261342,20
KWAKUSDIS RIVER,2010,52.301114999117,-128.118809734568,21
LAGOON CREEK,2010,53.373882041322,-129.428342093335,22
LAGOON CREEK,2010,52.6026414456055,-128.441579083942,23
MISSED CREEK,2010,53.5036844985782,-129.281457218191,24
"NAMELESS CREEK",2010,52.4292781613843,-128.220095486578,25
NEEKAS CREEK,2010,52.4738829818417,-128.161432177233,26
POWLES CREEK,2010,52.7028815428567,-128.742462055279,27
PYNE CREEK,2010,52.8486123278588,-128.813083095686,28
QUIGLEY CREEK,2010,52.6544212850719,-128.734868559071,29
SALMON BAY CREEK,2010,52.4823840845309,-128.195756747822,30
STANNARD CREEK,2010,52.7359558820503,-129.261913401566,31
TOM BAY CREEK,2010,52.3901366083167,-128.26121120649,32
TURN CREEK,2010,53.2243571612755,-129.30254081048,33
TURTLE CREEK,2010,53.3211606745329,-129.279866304512,34
TYLER CREEK,2010,52.8475698140021,-128.781519271162,35
AALTANHASH RIVER,2010,53.146559906844,-128.477472973342,36
ANDERSON CREEK,2010,54.0151181797292,-128.682019811456,37
ANGLER COVE CREEK,2010,53.3170461913762,-128.883592058261,38
ARNOUP CREEK,2010,52.9720681547635,-128.67669416127,39
BIG BAY CREEK,2010,52.7887187395673,-127.993456375527,40
BIG CREEK,2010,52.759867117172,-127.885509817499,41
BIG TILLHORN CREEK,2010,53.5807342422235,-129.179397129091,42
BISH CREEK,2010,53.9231459269673,-128.738164914189,43
BOLIN BAY CREEK,2010,52.8373412210321,-128.225157577342,44
BRIM RIVER,2010,53.5118273073412,-128.365565958899,45
CANOONA RIVER,2010,53.0733255516754,-128.568263090691,46
CARTER RIVER,2010,52.8391798523202,-128.375394618213,47
CHIST CREEK,2010,54.2530850729024,-128.496542520036,48
CRAB RIVER,2010,53.5666170047312,-128.764504232105,49
DALA RIVER,2010,53.8484527502283,-128.514099126165,50
DUTHIE CREEK,2010,52.7787463818556,-128.279702941745,51
EAGLE BAY CREEK,2010,53.7992123003166,-128.708890821401,52
EAST ARM CREEK,2010,53.1582184238227,-128.893460666827,53
EVELYN CREEK,2010,53.5842848283357,-128.955547923093,54
FIFER COVE CREEK,2010,52.8561720553342,-128.681348796045,55
FISHTRAP BAY CREEK,2010,53.5578201622009,-129.021062444687,56
FOCH RIVER,2010,53.8323824989254,-129.09278167809,57
GOAT RIVER,2010,53.360762295905,-128.846703575676,58
GREEN RIVER,2010,52.996198934554,-128.37825705121,59
GREEN RIVER,2010,52.3305207356973,-127.454150883794,60
HAWKSBURY ISLAND CREEK,2010,53.4924759953909,-129.102889287723,61
HIRSCH CREEK,2010,54.0902379850358,-128.642465542537,62
HOTSPRING CREEK,2010,53.4494549833739,-128.553045492751,63
HUGH CREEK,2010,53.7266958262585,-128.77650488061,64
HUMPHRYS CREEK,2010,54.1832290177095,-128.572427131685,65
JAMES BAY CREEK,2010,52.7188332210951,-128.224110509928,66
KAINET CREEK,2010,52.7564471011966,-127.877191244144,67
KEMANO RIVER,2010,53.483939419048,-128.124810984649,68
KHUTZE RIVER,2010,53.0852436775182,-128.412168857154,69
KIHESS CREEK,2010,53.6610397111103,-129.194900015676,70
KILTUISH RIVER,2010,53.3218597399907,-128.466639337559,71
KITKIATA CREEK,2010,53.6385528604189,-129.272319609175,72
KLEKANE RIVER,2010,53.2463705696629,-128.686110204928,73
KORICH CREEK,2010,52.8321015613233,-128.123243483674,74
LARD CREEK,2010,52.735383539551,-127.825586413584,75
LEE CREEK,2010,52.5129505194377,-127.832028677145,76
LITTLE TILLHORN CREEK,2010,53.5517444603557,-129.168315670656,77
LITTLE WEDEENE RIVER,2010,54.1217655136711,-128.618587494703,78
MARMOT COVE CREEK,2010,53.1722511281066,-128.629282124049,79
MUSSEL RIVER,2010,52.9205763158124,-128.032495939088,80
NIAS CREEK,2010,52.9233220941439,-128.743834226502,81
PARIL RIVER,2010,53.4884310234706,-128.765916896797,82
QUAAL RIVER,2010,53.6481948693458,-129.303406745887,83
QUARTCHA CREEK,2010,52.5153859812471,-127.841548809298,84
RIORDAN CREEK,2010,53.4336903499642,-128.958473230685,85
ROSCOE CREEK,2010,52.4751833412301,-127.743248965801,86
SCOW BAY CREEK,2010,53.2241635564665,-128.662550075594,87
SODA CREEK,2010,52.8343916393975,-128.549082681687,88
VERNEY PASSAGE CREEK,2010,53.5684461855044,-128.997465435609,89
WAHOO CREEK,2010,53.4920814609271,-128.119188266933,90
WATHL CREEK,2010,53.9788698283877,-128.651582105229,91
WEEWANIE CREEK,2010,53.6908940454927,-128.78612877621,92
WEST ARM CREEK,2010,53.1377681213758,-128.977444734323,93
WHALEN CREEK,2010,53.2463199253633,-129.071472254647,94
WINDY BAY CREEK,2010,52.7753368358132,-128.203339034235,95
HOTSPRING CREEK,2010,54.3652173450191,-128.549869125966,96
CANYON CREEK,2010,54.8235751243978,-127.150819583464,97
GREEN RIVER,2010,50.3020300863252,-122.722018795587,98
BISH CREEK,2011,50.5126071128819,-127.734111659177,1
ANDERSON CREEK,2011,49.6404758319326,-123.987583453276,2
LEE CREEK,2011,51.009163461574,-127.194214450817,3
BARNARD CREEK,2011,53.0529948883172,-129.119624635793,4
BLOOMFIELD CREEK,2011,52.8570636052279,-128.682263296488,5
BULLOCK CHANNEL #2 CREEK,2011,52.402679642461,-128.077143469078,6
CLATSE CREEK,2011,52.3357190521707,-127.837934677419,7
CRANE BAY CREEK,2011,53.2329180805699,-129.293656848506,8
GIL CREEK,2011,53.1057048623277,-129.207811740518,9
GOAT BUSHU CREEK,2011,52.2085015367676,-127.883158980877,10
KISKOSH CREEK,2011,53.5766823473423,-129.349232370604,11
KUNSOOT RIVER,2011,52.1475296920446,-128.003274261342,12
LITTLE CREEK,2011,52.6890937836426,-128.582315360237,13
NEEKAS CREEK,2011,52.4738829818417,-128.161432177233,14
POWLES CREEK,2011,52.7028815428567,-128.742462055279,15
PYNE CREEK,2011,52.8486123278588,-128.813083095686,16
SALMON BAY CREEK,2011,52.4823840845309,-128.195756747822,17
TURN CREEK,2011,53.2243571612755,-129.30254081048,18
TURTLE CREEK,2011,53.3211606745329,-129.279866304512,19
TYLER CREEK,2011,52.8475698140021,-128.781519271162,20
AALTANHASH RIVER,2011,53.146559906844,-128.477472973342,21
ANDERSON CREEK,2011,54.0151181797292,-128.682019811456,22
ANGLER COVE CREEK,2011,53.3170461913762,-128.883592058261,23
ARNOUP CREEK,2011,52.9720681547635,-128.67669416127,24
BIG BAY CREEK,2011,52.7887187395673,-127.993456375527,25
BIG TILLHORN CREEK,2011,53.5807342422235,-129.179397129091,26
BISH CREEK,2011,53.9231459269673,-128.738164914189,27
BRIM RIVER,2011,53.5118273073412,-128.365565958899,28
CANOONA RIVER,2011,53.0733255516754,-128.568263090691,29
CARTER RIVER,2011,52.8391798523202,-128.375394618213,30
CHIST CREEK,2011,54.2530850729024,-128.496542520036,31
CRAB RIVER,2011,53.5666170047312,-128.764504232105,32
DALA RIVER,2011,53.8484527502283,-128.514099126165,33
EAGLE BAY CREEK,2011,53.7992123003166,-128.708890821401,34
EAST ARM CREEK,2011,53.1582184238227,-128.893460666827,35
EMSLEY CREEK,2011,53.9023663550384,-128.794882557711,36
EVELYN CREEK,2011,53.5842848283357,-128.955547923093,37
FIFER COVE CREEK,2011,52.8561720553342,-128.681348796045,38
FOCH RIVER,2011,53.8323824989254,-129.09278167809,39
GREEN RIVER,2011,52.996198934554,-128.37825705121,40
GREEN RIVER,2011,52.3305207356973,-127.454150883794,41
HAWKSBURY ISLAND CREEK,2011,53.4924759953909,-129.102889287723,42
HIRSCH CREEK,2011,54.0902379850358,-128.642465542537,43
HOTSPRING CREEK,2011,53.4494549833739,-128.553045492751,44
HUGH CREEK,2011,53.7266958262585,-128.77650488061,45
HUMPHRYS CREEK,2011,54.1832290177095,-128.572427131685,46
JAMES BAY CREEK,2011,52.7188332210951,-128.224110509928,47
KAINET CREEK,2011,52.7564471011966,-127.877191244144,48
KEMANO RIVER,2011,53.483939419048,-128.124810984649,49
KHUTZE RIVER,2011,53.0852436775182,-128.412168857154,50
KIHESS CREEK,2011,53.6610397111103,-129.194900015676,51
KILTUISH RIVER,2011,53.3218597399907,-128.466639337559,52
KITKIATA CREEK,2011,53.6385528604189,-129.272319609175,53
KLEKANE RIVER,2011,53.2463705696629,-128.686110204928,54
KORICH CREEK,2011,52.8321015613233,-128.123243483674,55
LARD CREEK,2011,52.735383539551,-127.825586413584,56
LEE CREEK,2011,52.5129505194377,-127.832028677145,57
LITTLE TILLHORN CREEK,2011,53.5517444603557,-129.168315670656,58
LITTLE WEDEENE RIVER,2011,54.1217655136711,-128.618587494703,59
MUSSEL RIVER,2011,52.9205763158124,-128.032495939088,60
POISON COVE CREEK,2011,52.900991970915904,-128.021454508538,61
QUAAL RIVER,2011,53.6481948693458,-129.303406745887,62
QUARTCHA CREEK,2011,52.5153859812471,-127.841548809298,63
RIORDAN CREEK,2011,53.4336903499642,-128.958473230685,64
ROSCOE CREEK,2011,52.4751833412301,-127.743248965801,65
SCOW BAY CREEK,2011,53.2241635564665,-128.662550075594,66
SODA CREEK,2011,52.8343916393975,-128.549082681687,67
VERNEY PASSAGE CREEK,2011,53.5684461855044,-128.997465435609,68
WAHOO CREEK,2011,53.4920814609271,-128.119188266933,69
WATHL CREEK,2011,53.9788698283877,-128.651582105229,70
WEEWANIE CREEK,2011,53.6908940454927,-128.78612877621,71
WEST ARM CREEK,2011,53.1377681213758,-128.977444734323,72
WHALEN CREEK,2011,53.2463199253633,-129.071472254647,73
HOTSPRING CREEK,2011,54.3652173450191,-128.549869125966,74
GREEN RIVER,2011,50.3020300863252,-122.722018795587,75
EAGLE CREEK,2012,49.3536173530067,-123.268250064664,1
WINDY BAY CREEK,2012,52.692608357982,-131.458063293533,2
BISH CREEK,2012,50.5126071128819,-127.734111659177,3
HEAD CREEK,2012,50.294550687196804,-127.71837094842,4
ANDERSON CREEK,2012,49.6404758319326,-123.987583453276,5
GOAT RIVER,2012,53.5326806466537,-120.559712746848,6
LEE CREEK,2012,51.009163461574,-127.194214450817,7
BARNARD CREEK,2012,53.0529948883172,-129.119624635793,8
BLOOMFIELD CREEK,2012,52.8570636052279,-128.682263296488,9
BULLOCK CHANNEL #2 CREEK,2012,52.402679642461,-128.077143469078,10
CANYON CREEK,2012,52.6643453512386,-128.215620939465,11
CLATSE CREEK,2012,52.3357190521707,-127.837934677419,12
CRANE BAY CREEK,2012,53.2329180805699,-129.293656848506,13
EAGLE CREEK,2012,52.6753799996009,-129.175073338797,14
FLUX CREEK,2012,52.6066092054173,-129.122995973677,15
FURY CREEK,2012,52.6666795252643,-129.016829385249,16
GIL CREEK,2012,53.1057048623277,-129.207811740518,17
GOAT BUSHU CREEK,2012,52.2085015367676,-127.883158980877,18
HIRD POINT CREEK,2012,52.5692822173898,-128.232015366148,19
KISKOSH CREEK,2012,53.5766823473423,-129.349232370604,20
KUNSOOT RIVER,2012,52.1475296920446,-128.003274261342,21
KWAKUSDIS RIVER,2012,52.301114999117,-128.118809734568,22
LADEKIN CREEK,2012,53.1976675079654,-129.061990721423,23
LIMESTONE CREEK,2012,52.6926912787992,-129.061419896283,24
NEEKAS CREEK,2012,52.4738829818417,-128.161432177233,25
PYNE CREEK,2012,52.8486123278588,-128.813083095686,26
STANNARD CREEK,2012,52.7359558820503,-129.261913401566,27
TURN CREEK,2012,53.2243571612755,-129.30254081048,28
TURTLE CREEK,2012,53.3211606745329,-129.279866304512,29
TYLER CREEK,2012,52.8475698140021,-128.781519271162,30
AALTANHASH RIVER,2012,53.146559906844,-128.477472973342,31
ANDERSON CREEK,2012,54.0151181797292,-128.682019811456,32
ANGLER COVE CREEK,2012,53.3170461913762,-128.883592058261,33
ARNOUP CREEK,2012,52.9720681547635,-128.67669416127,34
BIG BAY CREEK,2012,52.7887187395673,-127.993456375527,35
BIG CREEK,2012,52.759867117172,-127.885509817499,36
BIG TILLHORN CREEK,2012,53.5807342422235,-129.179397129091,37
BISH CREEK,2012,53.9231459269673,-128.738164914189,38
BOLIN BAY CREEK,2012,52.8373412210321,-128.225157577342,39
BRIM RIVER,2012,53.5118273073412,-128.365565958899,40
CANOONA RIVER,2012,53.0733255516754,-128.568263090691,41
CARTER RIVER,2012,52.8391798523202,-128.375394618213,42
CHIST CREEK,2012,54.2530850729024,-128.496542520036,43
CRAB RIVER,2012,53.5666170047312,-128.764504232105,44
DALA RIVER,2012,53.8484527502283,-128.514099126165,45
DUTHIE CREEK,2012,52.7787463818556,-128.279702941745,46
EAGLE BAY CREEK,2012,53.7992123003166,-128.708890821401,47
EAST ARM CREEK,2012,53.1582184238227,-128.893460666827,48
EVELYN CREEK,2012,53.5842848283357,-128.955547923093,49
FIFER COVE CREEK,2012,52.8561720553342,-128.681348796045,50
FOCH RIVER,2012,53.8323824989254,-129.09278167809,51
GOAT RIVER,2012,53.360762295905,-128.846703575676,52
GREEN RIVER,2012,52.996198934554,-128.37825705121,53
GREEN RIVER,2012,52.3305207356973,-127.454150883794,54
HAWKSBURY ISLAND CREEK,2012,53.4924759953909,-129.102889287723,55
HIRSCH CREEK,2012,54.0902379850358,-128.642465542537,56
HOTSPRING CREEK,2012,53.4494549833739,-128.553045492751,57
HUGH CREEK,2012,53.7266958262585,-128.77650488061,58
HUMPHRYS CREEK,2012,54.1832290177095,-128.572427131685,59
JAMES BAY CREEK,2012,52.7188332210951,-128.224110509928,60
KAINET CREEK,2012,52.7564471011966,-127.877191244144,61
KEMANO RIVER,2012,53.483939419048,-128.124810984649,62
KHUTZE RIVER,2012,53.0852436775182,-128.412168857154,63
KIHESS CREEK,2012,53.6610397111103,-129.194900015676,64
KILTUISH RIVER,2012,53.3218597399907,-128.466639337559,65
KITKIATA CREEK,2012,53.6385528604189,-129.272319609175,66
KLEKANE RIVER,2012,53.2463705696629,-128.686110204928,67
KORICH CREEK,2012,52.8321015613233,-128.123243483674,68
LARD CREEK,2012,52.735383539551,-127.825586413584,69
LEE CREEK,2012,52.5129505194377,-127.832028677145,70
LITTLE TILLHORN CREEK,2012,53.5517444603557,-129.168315670656,71
LITTLE WEDEENE RIVER,2012,54.1217655136711,-128.618587494703,72
MARMOT COVE CREEK,2012,53.1722511281066,-128.629282124049,73
MARSHALL CREEK,2012,53.0870179085439,-128.510432397968,74
MUSSEL RIVER,2012,52.9205763158124,-128.032495939088,75
NIAS CREEK,2012,52.9233220941439,-128.743834226502,76
PARIL RIVER,2012,53.4884310234706,-128.765916896797,77
QUAAL RIVER,2012,53.6481948693458,-129.303406745887,78
QUARTCHA CREEK,2012,52.5153859812471,-127.841548809298,79
RIORDAN CREEK,2012,53.4336903499642,-128.958473230685,80
ROSCOE CREEK,2012,52.4751833412301,-127.743248965801,81
SCOW BAY CREEK,2012,53.2241635564665,-128.662550075594,82
SODA CREEK,2012,52.8343916393975,-128.549082681687,83
TAYLOR CREEK,2012,52.9789417699517,-128.50949460753,84
VERNEY PASSAGE CREEK,2012,53.5684461855044,-128.997465435609,85
WAHOO CREEK,2012,53.4920814609271,-128.119188266933,86
WATHL CREEK,2012,53.9788698283877,-128.651582105229,87
WEEWANIE CREEK,2012,53.6908940454927,-128.78612877621,88
WEST ARM CREEK,2012,53.1377681213758,-128.977444734323,89
WHALEN CREEK,2012,53.2463199253633,-129.071472254647,90
WINDY BAY CREEK,2012,52.7753368358132,-128.203339034235,91
HEAD CREEK,2012,53.9642594374288,-130.336035972985,92
HOTSPRING CREEK,2012,54.3652173450191,-128.549869125966,93
CANYON CREEK,2012,54.8235751243978,-127.150819583464,94
GREEN RIVER,2012,50.3020300863252,-122.722018795587,95
LIMESTONE CREEK,2012,52.7343832082705,-120.88236937431,96
DOUGLAS CREEK,2013,49.7627443604392,-122.152648175913,1
WINDY BAY CREEK,2013,52.692608357982,-131.458063293533,2
BISH CREEK,2013,50.5126071128819,-127.734111659177,3
HEAD CREEK,2013,50.294550687196804,-127.71837094842,4
ANDERSON CREEK,2013,49.6404758319326,-123.987583453276,5
GOAT RIVER,2013,53.5326806466537,-120.559712746848,6
LEE CREEK,2013,51.009163461574,-127.194214450817,7
BARNARD CREEK,2013,53.0529948883172,-129.119624635793,8
BLEE CREEK,2013,52.744788899875,-128.724587363858,9
BLOOMFIELD CREEK,2013,52.8570636052279,-128.682263296488,10
BOTTLENECK CREEK,2013,52.7048412982792,-128.388769365065,11
BULLEY BAY CREEK,2013,52.4656168557967,-128.314250319863,12
CANYON CREEK,2013,52.6643453512386,-128.215620939465,13
CLATSE CREEK,2013,52.3357190521707,-127.837934677419,14
CRANE BAY CREEK,2013,53.2329180805699,-129.293656848506,15
DOUGLAS CREEK,2013,52.9803032336427,-129.132157659926,16
GIL CREEK,2013,53.1057048623277,-129.207811740518,17
GORILLA CREEK,2013,52.7114766958384,-128.316691515766,18
HIRD POINT CREEK,2013,52.5692822173898,-128.232015366148,19
KISKOSH CREEK,2013,53.5766823473423,-129.349232370604,20
KWAKUSDIS RIVER,2013,52.301114999117,-128.118809734568,21
LADEKIN CREEK,2013,53.1976675079654,-129.061990721423,22
MISSED CREEK,2013,53.5036844985782,-129.281457218191,23
NEEKAS CREEK,2013,52.4738829818417,-128.161432177233,24
PACKE CREEK,2013,52.9162209830032,-128.744070163966,25
PYNE CREEK,2013,52.8486123278588,-128.813083095686,26
SALMON BAY CREEK,2013,52.4823840845309,-128.195756747822,27
STANNARD CREEK,2013,52.7359558820503,-129.261913401566,28
TOM BAY CREEK,2013,52.3901366083167,-128.26121120649,29
TURN CREEK,2013,53.2243571612755,-129.30254081048,30
TURTLE CREEK,2013,53.3211606745329,-129.279866304512,31
TYLER CREEK,2013,52.8475698140021,-128.781519271162,32
WALE CREEK,2013,52.838574481811,-129.001918319764,33
WALKER LAKE CREEK,2013,52.2683596359168,-127.906788708608,34
WEBSTER LAKE CREEK,2013,52.2838080214988,-127.989692225168,35
AALTANHASH RIVER,2013,53.146559906844,-128.477472973342,36
ANDERSON CREEK,2013,54.0151181797292,-128.682019811456,37
ANGLER COVE CREEK,2013,53.3170461913762,-128.883592058261,38
ARNOUP CREEK,2013,52.9720681547635,-128.67669416127,39
BIG BAY CREEK,2013,52.7887187395673,-127.993456375527,40
BIG CREEK,2013,52.759867117172,-127.885509817499,41
BIG TILLHORN CREEK,2013,53.5807342422235,-129.179397129091,42
BISH CREEK,2013,53.9231459269673,-128.738164914189,43
BOLIN BAY CREEK,2013,52.8373412210321,-128.225157577342,44
BRIM RIVER,2013,53.5118273073412,-128.365565958899,45
CANOONA RIVER,2013,53.0733255516754,-128.568263090691,46
CARTER RIVER,2013,52.8391798523202,-128.375394618213,47
CHIST CREEK,2013,54.2530850729024,-128.496542520036,48
CRAB RIVER,2013,53.5666170047312,-128.764504232105,49
DALA RIVER,2013,53.8484527502283,-128.514099126165,50
DUTHIE CREEK,2013,52.7787463818556,-128.279702941745,51
EAGLE BAY CREEK,2013,53.7992123003166,-128.708890821401,52
EAST ARM CREEK,2013,53.1582184238227,-128.893460666827,53
EMSLEY CREEK,2013,53.9023663550384,-128.794882557711,54
EVELYN CREEK,2013,53.5842848283357,-128.955547923093,55
FIFER COVE CREEK,2013,52.8561720553342,-128.681348796045,56
FISHTRAP BAY CREEK,2013,53.5578201622009,-129.021062444687,57
FOCH RIVER,2013,53.8323824989254,-129.09278167809,58
GOAT RIVER,2013,53.360762295905,-128.846703575676,59
GREEN RIVER,2013,52.996198934554,-128.37825705121,60
GREEN RIVER,2013,52.3305207356973,-127.454150883794,61
HAWKSBURY ISLAND CREEK,2013,53.4924759953909,-129.102889287723,62
HIRSCH CREEK,2013,54.0902379850358,-128.642465542537,63
HOTSPRING CREEK,2013,53.4494549833739,-128.553045492751,64
HUGH CREEK,2013,53.7266958262585,-128.77650488061,65
HUMPHRYS CREEK,2013,54.1832290177095,-128.572427131685,66
KAINET CREEK,2013,52.7564471011966,-127.877191244144,67
KEMANO RIVER,2013,53.483939419048,-128.124810984649,68
KHUTZE RIVER,2013,53.0852436775182,-128.412168857154,69
KIHESS CREEK,2013,53.6610397111103,-129.194900015676,70
KILTUISH RIVER,2013,53.3218597399907,-128.466639337559,71
KITIMAT RIVER,2013,54.0108939703471,-128.662291133154,72
KITKIATA CREEK,2013,53.6385528604189,-129.272319609175,73
KLEKANE RIVER,2013,53.2463705696629,-128.686110204928,74
LARD CREEK,2013,52.735383539551,-127.825586413584,75
LEE CREEK,2013,52.5129505194377,-127.832028677145,76
LITTLE TILLHORN CREEK,2013,53.5517444603557,-129.168315670656,77
LITTLE WEDEENE RIVER,2013,54.1217655136711,-128.618587494703,78
MARMOT COVE CREEK,2013,53.1722511281066,-128.629282124049,79
MARSHALL CREEK,2013,53.0870179085439,-128.510432397968,80
MUSSEL RIVER,2013,52.9205763158124,-128.032495939088,81
NIAS CREEK,2013,52.9233220941439,-128.743834226502,82
PARIL RIVER,2013,53.4884310234706,-128.765916896797,83
POISON COVE CREEK,2013,52.900991970915904,-128.021454508538,84
QUAAL RIVER,2013,53.6481948693458,-129.303406745887,85
QUARTCHA CREEK,2013,52.5153859812471,-127.841548809298,86
RIORDAN CREEK,2013,53.4336903499642,-128.958473230685,87
ROSCOE CREEK,2013,52.4751833412301,-127.743248965801,88
SCOW BAY CREEK,2013,53.2241635564665,-128.662550075594,89
SODA CREEK,2013,52.8343916393975,-128.549082681687,90
TAYLOR CREEK,2013,52.9789417699517,-128.50949460753,91
VERNEY PASSAGE CREEK,2013,53.5684461855044,-128.997465435609,92
WAHOO CREEK,2013,53.4920814609271,-128.119188266933,93
WATHL CREEK,2013,53.9788698283877,-128.651582105229,94
WEEWANIE CREEK,2013,53.6908940454927,-128.78612877621,95
WEST ARM CREEK,2013,53.1377681213758,-128.977444734323,96
WHALEN CREEK,2013,53.2463199253633,-129.071472254647,97
WINDY BAY CREEK,2013,52.7753368358132,-128.203339034235,98
HEAD CREEK,2013,53.9642594374288,-130.336035972985,99
HOTSPRING CREEK,2013,54.3652173450191,-128.549869125966,100
CANYON CREEK,2013,54.8235751243978,-127.150819583464,101
GREEN RIVER,2013,50.3020300863252,-122.722018795587,102
BISH CREEK,2014,50.5126071128819,-127.734111659177,1
HEAD CREEK,2014,50.294550687196804,-127.71837094842,2
ANDERSON CREEK,2014,49.6404758319326,-123.987583453276,3
GOAT RIVER,2014,53.5326806466537,-120.559712746848,4
LEE CREEK,2014,51.009163461574,-127.194214450817,5
BARNARD CREEK,2014,53.0529948883172,-129.119624635793,6
BLEE CREEK,2014,52.744788899875,-128.724587363858,7
BLOOMFIELD CREEK,2014,52.8570636052279,-128.682263296488,8
BULLEY BAY CREEK,2014,52.4656168557967,-128.314250319863,9
CLATSE CREEK,2014,52.3357190521707,-127.837934677419,10
CRANE BAY CREEK,2014,53.2329180805699,-129.293656848506,11
GIL CREEK,2014,53.1057048623277,-129.207811740518,12
GOAT BUSHU CREEK,2014,52.2085015367676,-127.883158980877,13
KISKOSH CREEK,2014,53.5766823473423,-129.349232370604,14
KWAKUSDIS RIVER,2014,52.301114999117,-128.118809734568,15
LADEKIN CREEK,2014,53.1976675079654,-129.061990721423,16
LITTLE CREEK,2014,52.6890937836426,-128.582315360237,17
NEEKAS CREEK,2014,52.4738829818417,-128.161432177233,18
POWLES CREEK,2014,52.7028815428567,-128.742462055279,19
PYNE CREEK,2014,52.8486123278588,-128.813083095686,20
QUIGLEY CREEK,2014,52.6544212850719,-128.734868559071,21
TURN CREEK,2014,53.2243571612755,-129.30254081048,22
TURTLE CREEK,2014,53.3211606745329,-129.279866304512,23
TYLER CREEK,2014,52.8475698140021,-128.781519271162,24
AALTANHASH RIVER,2014,53.146559906844,-128.477472973342,25
ANDERSON CREEK,2014,54.0151181797292,-128.682019811456,26
ANGLER COVE CREEK,2014,53.3170461913762,-128.883592058261,27
ARNOUP CREEK,2014,52.9720681547635,-128.67669416127,28
BIG BAY CREEK,2014,52.7887187395673,-127.993456375527,29
BIG CREEK,2014,52.759867117172,-127.885509817499,30
BIG TILLHORN CREEK,2014,53.5807342422235,-129.179397129091,31
BISH CREEK,2014,53.9231459269673,-128.738164914189,32
BOLIN BAY CREEK,2014,52.8373412210321,-128.225157577342,33
BRIM RIVER,2014,53.5118273073412,-128.365565958899,34
CANOONA RIVER,2014,53.0733255516754,-128.568263090691,35
CARTER RIVER,2014,52.8391798523202,-128.375394618213,36
CHIST CREEK,2014,54.2530850729024,-128.496542520036,37
CRAB RIVER,2014,53.5666170047312,-128.764504232105,38
DALA RIVER,2014,53.8484527502283,-128.514099126165,39
EAGLE BAY CREEK,2014,53.7992123003166,-128.708890821401,40
EAST ARM CREEK,2014,53.1582184238227,-128.893460666827,41
EMSLEY CREEK,2014,53.9023663550384,-128.794882557711,42
EVELYN CREEK,2014,53.5842848283357,-128.955547923093,43
FIFER COVE CREEK,2014,52.8561720553342,-128.681348796045,44
FISHTRAP BAY CREEK,2014,53.5578201622009,-129.021062444687,45
FOCH RIVER,2014,53.8323824989254,-129.09278167809,46
GOAT RIVER,2014,53.360762295905,-128.846703575676,47
GREEN RIVER,2014,52.996198934554,-128.37825705121,48
GREEN RIVER,2014,52.3305207356973,-127.454150883794,49
HAWKSBURY ISLAND CREEK,2014,53.4924759953909,-129.102889287723,50
HIRSCH CREEK,2014,54.0902379850358,-128.642465542537,51
HOTSPRING CREEK,2014,53.4494549833739,-128.553045492751,52
HUGH CREEK,2014,53.7266958262585,-128.77650488061,53
HUMPHRYS CREEK,2014,54.1832290177095,-128.572427131685,54
KAINET CREEK,2014,52.7564471011966,-127.877191244144,55
KEMANO RIVER,2014,53.483939419048,-128.124810984649,56
KHUTZE RIVER,2014,53.0852436775182,-128.412168857154,57
KIHESS CREEK,2014,53.6610397111103,-129.194900015676,58
KILDALA RIVER,2014,53.821982588921,-128.491424608905,59
KILTUISH RIVER,2014,53.3218597399907,-128.466639337559,60
KITIMAT RIVER,2014,54.0108939703471,-128.662291133154,61
KITKIATA CREEK,2014,53.6385528604189,-129.272319609175,62
KLEKANE RIVER,2014,53.2463705696629,-128.686110204928,63
LARD CREEK,2014,52.735383539551,-127.825586413584,64
LEE CREEK,2014,52.5129505194377,-127.832028677145,65
LITTLE TILLHORN CREEK,2014,53.5517444603557,-129.168315670656,66
LITTLE WEDEENE RIVER,2014,54.1217655136711,-128.618587494703,67
MARMOT COVE CREEK,2014,53.1722511281066,-128.629282124049,68
MARSHALL CREEK,2014,53.0870179085439,-128.510432397968,69
MUSSEL RIVER,2014,52.9205763158124,-128.032495939088,70
NIAS CREEK,2014,52.9233220941439,-128.743834226502,71
PARIL RIVER,2014,53.4884310234706,-128.765916896797,72
QUAAL RIVER,2014,53.6481948693458,-129.303406745887,73
QUARTCHA CREEK,2014,52.5153859812471,-127.841548809298,74
RIORDAN CREEK,2014,53.4336903499642,-128.958473230685,75
ROSCOE CREEK,2014,52.4751833412301,-127.743248965801,76
SCOW BAY CREEK,2014,53.2241635564665,-128.662550075594,77
SODA CREEK,2014,52.8343916393975,-128.549082681687,78
TAYLOR CREEK,2014,52.9789417699517,-128.50949460753,79
VERNEY PASSAGE CREEK,2014,53.5684461855044,-128.997465435609,80
WAHOO CREEK,2014,53.4920814609271,-128.119188266933,81
WATHL CREEK,2014,53.9788698283877,-128.651582105229,82
WEEWANIE CREEK,2014,53.6908940454927,-128.78612877621,83
WEST ARM CREEK,2014,53.1377681213758,-128.977444734323,84
WHALEN CREEK,2014,53.2463199253633,-129.071472254647,85
HEAD CREEK,2014,53.9642594374288,-130.336035972985,86
HOTSPRING CREEK,2014,54.3652173450191,-128.549869125966,87
GREEN RIVER,2014,50.3020300863252,-122.722018795587,88
WINDY BAY CREEK,2015,52.692608357982,-131.458063293533,1
BISH CREEK,2015,50.5126071128819,-127.734111659177,2
ANDERSON CREEK,2015,49.6404758319326,-123.987583453276,3
GOAT RIVER,2015,53.5326806466537,-120.559712746848,4
LEE CREEK,2015,51.009163461574,-127.194214450817,5
RAINBOW CREEK,2015,51.1342418889905,-126.720256086952,6
BARNARD CREEK,2015,53.0529948883172,-129.119624635793,7
BULLEY BAY CREEK,2015,52.4656168557967,-128.314250319863,8
CLATSE CREEK,2015,52.3357190521707,-127.837934677419,9
CRANE BAY CREEK,2015,53.2329180805699,-129.293656848506,10
GIL CREEK,2015,53.1057048623277,-129.207811740518,11
GOAT BUSHU CREEK,2015,52.2085015367676,-127.883158980877,12
HIRD POINT CREEK,2015,52.5692822173898,-128.232015366148,13
KISKOSH CREEK,2015,53.5766823473423,-129.349232370604,14
KWAKUSDIS RIVER,2015,52.301114999117,-128.118809734568,15
LADEKIN CREEK,2015,53.1976675079654,-129.061990721423,16
LITTLE CREEK,2015,52.6890937836426,-128.582315360237,17
NEEKAS CREEK,2015,52.4738829818417,-128.161432177233,18
PYNE CREEK,2015,52.8486123278588,-128.813083095686,19
SALMON BAY CREEK,2015,52.4823840845309,-128.195756747822,20
TURN CREEK,2015,53.2243571612755,-129.30254081048,21
TURTLE CREEK,2015,53.3211606745329,-129.279866304512,22
TYLER CREEK,2015,52.8475698140021,-128.781519271162,23
WALKER LAKE CREEK,2015,52.2683596359168,-127.906788708608,24
AALTANHASH RIVER,2015,53.146559906844,-128.477472973342,25
ANDERSON CREEK,2015,54.0151181797292,-128.682019811456,26
BIG BAY CREEK,2015,52.7887187395673,-127.993456375527,27
BIG CREEK,2015,52.759867117172,-127.885509817499,28
BIG TILLHORN CREEK,2015,53.5807342422235,-129.179397129091,29
BISH CREEK,2015,53.9231459269673,-128.738164914189,30
BRIM RIVER,2015,53.5118273073412,-128.365565958899,31
CARTER RIVER,2015,52.8391798523202,-128.375394618213,32
CHIST CREEK,2015,54.2530850729024,-128.496542520036,33
CRAB RIVER,2015,53.5666170047312,-128.764504232105,34
DALA RIVER,2015,53.8484527502283,-128.514099126165,35
EAGLE BAY CREEK,2015,53.7992123003166,-128.708890821401,36
EAST ARM CREEK,2015,53.1582184238227,-128.893460666827,37
EVELYN CREEK,2015,53.5842848283357,-128.955547923093,38
FISHTRAP BAY CREEK,2015,53.5578201622009,-129.021062444687,39
FOCH RIVER,2015,53.8323824989254,-129.09278167809,40
GOAT RIVER,2015,53.360762295905,-128.846703575676,41
GREEN RIVER,2015,52.996198934554,-128.37825705121,42
GREEN RIVER,2015,52.3305207356973,-127.454150883794,43
HAWKSBURY ISLAND CREEK,2015,53.4924759953909,-129.102889287723,44
HIRSCH CREEK,2015,54.0902379850358,-128.642465542537,45
HOTSPRING CREEK,2015,53.4494549833739,-128.553045492751,46
HUGH CREEK,2015,53.7266958262585,-128.77650488061,47
HUMPHRYS CREEK,2015,54.1832290177095,-128.572427131685,48
JAMES BAY CREEK,2015,52.7188332210951,-128.224110509928,49
KAINET CREEK,2015,52.7564471011966,-127.877191244144,50
KEMANO RIVER,2015,53.483939419048,-128.124810984649,51
KIHESS CREEK,2015,53.6610397111103,-129.194900015676,52
KILDALA RIVER,2015,53.821982588921,-128.491424608905,53
KILTUISH RIVER,2015,53.3218597399907,-128.466639337559,54
KITIMAT RIVER,2015,54.0108939703471,-128.662291133154,55
KITKIATA CREEK,2015,53.6385528604189,-129.272319609175,56
KORICH CREEK,2015,52.8321015613233,-128.123243483674,57
LARD CREEK,2015,52.735383539551,-127.825586413584,58
LEE CREEK,2015,52.5129505194377,-127.832028677145,59
LITTLE WEDEENE RIVER,2015,54.1217655136711,-128.618587494703,60
MARMOT COVE CREEK,2015,53.1722511281066,-128.629282124049,61
MUSSEL RIVER,2015,52.9205763158124,-128.032495939088,62
PARIL RIVER,2015,53.4884310234706,-128.765916896797,63
QUAAL RIVER,2015,53.6481948693458,-129.303406745887,64
QUARTCHA CREEK,2015,52.5153859812471,-127.841548809298,65
RAINBOW CREEK,2015,52.4516767717227,-127.728136003545,66
RIORDAN CREEK,2015,53.4336903499642,-128.958473230685,67
ROSCOE CREEK,2015,52.4751833412301,-127.743248965801,68
SCOW BAY CREEK,2015,53.2241635564665,-128.662550075594,69
TAYLOR CREEK,2015,52.9789417699517,-128.50949460753,70
VERNEY PASSAGE CREEK,2015,53.5684461855044,-128.997465435609,71
WAHOO CREEK,2015,53.4920814609271,-128.119188266933,72
WATHL CREEK,2015,53.9788698283877,-128.651582105229,73
WEEWANIE CREEK,2015,53.6908940454927,-128.78612877621,74
WEST ARM CREEK,2015,53.1377681213758,-128.977444734323,75
WHALEN CREEK,2015,53.2463199253633,-129.071472254647,76
WINDY BAY CREEK,2015,52.7753368358132,-128.203339034235,77
HOTSPRING CREEK,2015,54.3652173450191,-128.549869125966,78
GREEN RIVER,2015,50.3020300863252,-122.722018795587,79
