AREA,PERIMETER,QCST_TAG,FCODE,GEOMETRY,OBJECTID,AREA_SQM,FEAT_LEN,X,Y
,415.629,ISLAND,GE14850000,,1651,11766.6651,415.6284,,
,2231.087,ISLAND,GE14850000,,1637,179554.8092,2231.0865,,
,860.391,ISLAND,GE14850000,,1645,34893.5353,860.3905,,
,663.652,ISLAND,GE14850000,,1644,27359.0176,663.6524,,
,625.161,ISLAND,GE14850000,,1642,27077.2895,625.1611,,
,270.128,ISLAND,GE14850000,,1646,5319.0581,270.1269,,
,379.954,ISLAND,GE14850000,,1643,10483.9272,379.9546,,
,680.224,ISLAND,GE14850000,,1641,19264.2897,680.2241,,
,25952.396,ISLAND,GE14850000,,1589,9886533.1781,25952.3987,,
,460.255,ISLAND,GE14850000,,1640,15410.8254,460.2555,,
,478.325,ISLAND,GE14850000,,1639,15932.0936,478.326,,
,401.257,ISLAND,GE14850000,,1638,12051.2192,401.2573,,
,313.568,ISLAND,GE14850000,,1636,7015.888,313.5678,,
,1995.658,ISLAND,GE14850000,,1631,182073.0178,1995.6577,,
,297.256,ISLAND,GE14850000,,1635,6432.0651,297.2561,,
,1240.859,ISLAND,GE14850000,,1632,80089.1429,1240.8595,,
,300.687,ISLAND,GE14850000,,1633,6351.3343,300.6881,,
,2124.663,ISLAND,GE14850000,,1625,182969.8365,2124.6645,,
,2357.753,ISLAND,GE14850000,,1621,284269.319,2357.7511,,
,807.039,ISLAND,GE14850000,,1624,38681.4602,807.039,,
,1441.864,ISLAND,GE14850000,,1623,109046.6747,1441.8623,,
,1413.98,ISLAND,GE14850000,,1615,99369.3006,1413.9817,,
,383.305,ISLAND,GE14850000,,1617,10186.3084,383.3048,,
,331.86,ISLAND,GE14850000,,1614,7506.0867,331.8594,,
,493.513,ISLAND,GE14850000,,1613,16915.8436,493.5126,,
,1943.136,ISLAND,GE14850000,,1607,216254.9262,1943.136,,
,1832.417,ISLAND,GE14850000,,1605,163433.7134,1832.4162,,
,876.566,ISLAND,GE14850000,,1606,43120.193,876.5672,,
,622.789,ISLAND,GE14850000,,1603,21627.6123,622.7881,,
,2493.975,ISLAND,GE14850000,,1594,332869.2208,2493.9748,,
,807.708,ISLAND,GE14850000,,1599,35968.0316,807.7073,,
,811.438,ISLAND,GE14850000,,1221,31937.2335,811.4372,,
,2441.984,ISLAND,GE14850000,,1213,189829.6886,2441.9828,,
,1300.612,ISLAND,GE14850000,,1254,104917.0169,1300.6121,,
,504.221,ISLAND,GE14850000,,1218,16377.3695,504.2217,,
,612.67,ISLAND,GE14850000,,1227,24001.9923,612.6692,,
,643.007,ISLAND,GE14850000,,1237,23695.3375,643.0065,,
,1115.576,ISLAND,GE14850000,,1657,64025.035,1115.5745,,
,482.908,ISLAND,GE14850000,,1658,16602.4988,482.9077,,
,955.914,ISLAND,GE14850000,,1652,37389.8309,955.9141,,
,1230.54,ISLAND,GE14850000,,1647,64468.3584,1230.5403,,
,565.66,ISLAND,GE14850000,,1653,15944.6288,565.6596,,
,1125.735,ISLAND,GE14850000,,1263,88153.469,1125.7345,,
,579.145,ISLAND,GE14850000,,1767,24181.3615,579.1457,,
,353.193,ISLAND,GE14850000,,1761,9146.7447,353.1929,,
,660.026,ISLAND,GE14850000,,1763,24673.1538,660.0252,,
,368.888,ISLAND,GE14850000,,1766,9319.6785,368.8881,,
,499.971,ISLAND,GE14850000,,1655,18071.8795,499.971,,
,1054.267,ISLAND,GE14850000,,1649,43817.5044,1054.266,,
,626.527,ISLAND,GE14850000,,1760,22010.3113,626.5264,,
,2267.71,ISLAND,GE14850000,,1259,184296.7405,2267.7097,,
,396.576,ISLAND,GE14850000,,1246,11417.2379,396.5766,,
,4344.436,ISLAND,GE14850000,,1654,721228.5057,4344.4364,,
,4346.145,ISLAND,GE14850000,,1262,978441.4485,4346.1459,,
,2486.93,ISLAND,GE14850000,,1243,293145.942,2486.9316,,
,1304.852,ISLAND,GE14850000,,1258,80771.7231,1304.8527,,
,585.522,ISLAND,GE14850000,,1255,23043.4749,585.5221,,
,492.971,ISLAND,GE14850000,,1225,17910.3231,492.9705,,
,887.522,ISLAND,GE14850000,,1261,51222.4708,887.5215,,
,3052.074,ISLAND,GE14850000,,1650,348689.0759,3052.0744,,
,502.311,ISLAND,GE14850000,,1236,18196.4272,502.3117,,
,642.862,ISLAND,GE14850000,,1773,27238.5974,642.8629,,
,8157.018,ISLAND,GE14850000,,1791,1721042.4221,8157.0165,,
,799.773,ISLAND,GE14850000,,1803,48510.9048,799.7738,,
,542.884,ISLAND,GE14850000,,1802,18855.7953,542.8836,,
,1115.558,ISLAND,GE14850000,,1801,75768.1164,1115.559,,
,2155.724,ISLAND,GE14850000,,1799,170413.6555,2155.7227,,
,833.093,ISLAND,GE14850000,,1798,48191.3685,833.0935,,
,1532.03,ISLAND,GE14850000,,1795,111384.4554,1532.0293,,
,1132.024,ISLAND,GE14850000,,1794,70980.9956,1132.0231,,
,140656.931,ISLAND,GE14850000,,1048,134309490.2277,140656.9224,,
,1834.485,ISLAND,GE14850000,,1784,169566.518,1834.4865,,
,343.071,ISLAND,GE14850000,,1792,7396.1914,343.0711,,
,891.842,ISLAND,GE14850000,,1790,45577.908,891.8417,,
,536.874,ISLAND,GE14850000,,1788,21203.8225,536.8737,,
,506.729,ISLAND,GE14850000,,1785,14987.1092,506.7293,,
,1363.125,ISLAND,GE14850000,,1777,119100.1677,1363.1257,,
,2504.631,ISLAND,GE14850000,,1257,288602.977,2504.6317,,
,1964.253,ISLAND,GE14850000,,1251,170619.9501,1964.2527,,
,1409.671,ISLAND,GE14850000,,1252,55721.2324,1409.6688,,
,328.504,ISLAND,GE14850000,,1253,7958.9701,328.5051,,
,1665.68,ISLAND,GE14850000,,1241,129664.4789,1665.6808,,
,857.739,ISLAND,GE14850000,,1245,39155.9007,857.7376,,
,416.949,ISLAND,GE14850000,,1239,11097.8564,416.9492,,
,453.296,ISLAND,GE14850000,,1235,13478.3971,453.2955,,
,390.691,ISLAND,GE14850000,,1232,10296.6206,390.6913,,
,358.542,ISLAND,GE14850000,,1228,9458.9477,358.5418,,
,501.488,ISLAND,GE14850000,,1226,17768.2558,501.4883,,
,338.015,ISLAND,GE14850000,,1224,7725.3651,338.0151,,
,356.229,ISLAND,GE14850000,,1219,9098.6494,356.2289,,
,684.465,ISLAND,GE14850000,,1215,28760.4095,684.4656,,
,529.667,ISLAND,GE14850000,,1216,20057.84,529.6658,,
,397.891,ISLAND,GE14850000,,1214,11448.6102,397.8913,,
,9427.539,ISLAND,GE14850000,,1247,1956903.5554,9427.5405,,
,3281.433,ISLAND,GE14850000,,1656,379548.6922,3281.4314,,
,464.12,ISLAND,GE14850000,,1234,15369.8611,464.1213,,
,757.675,ISLAND,GE14850000,,1233,40173.3478,757.6753,,
,1502.396,ISLAND,GE14850000,,1220,113855.5506,1502.3955,,
,19752.168,ISLAND,GE14850000,,1634,6378566.3226,19752.1691,,
,908.685,ISLAND,GE14850000,,1776,42775.6918,908.6853,,
,1818.628,ISLAND,GE14850000,,1779,227677.4125,1818.6275,,
,635.556,ISLAND,GE14850000,,1248,21950.5619,635.556,,
,394.961,ISLAND,GE14850000,,1775,11195.983,394.9603,,
,3222.472,ISLAND,GE14850000,,1774,355560.8205,3222.471,,
,438.903,ISLAND,GE14850000,,1771,13606.3609,438.9027,,
,1822.109,ISLAND,GE14850000,,1772,155768.2571,1822.1093,,
,298.337,ISLAND,GE14850000,,1816,5292.7165,298.3377,,
,865.486,ISLAND,GE14850000,,1783,45477.6621,865.485,,
,714.341,ISLAND,GE14850000,,1265,32546.9554,714.3412,,
,532.086,ISLAND,GE14850000,,1264,16883.4704,532.0862,,
,730.613,ISLAND,GE14850000,,1778,33867.9172,730.6124,,
,3307.324,ISLAND,GE14850000,,1759,376514.957,3307.3236,,
,1081.011,ISLAND,GE14850000,,1230,73959.0845,1081.011,,
,939.985,ISLAND,GE14850000,,1804,42474.2408,939.985,,
,346.863,ISLAND,GE14850000,,1787,8448.4216,346.8628,,
,1687.821,ISLAND,GE14850000,,1811,134785.2851,1687.8219,,
,1615.163,ISLAND,GE14850000,,1222,145736.7283,1615.1637,,
,954.302,ISLAND,GE14850000,,1256,55200.596,954.3024,,
,369.779,ISLAND,GE14850000,,1786,10052.7987,369.7774,,
,1369.436,ISLAND,GE14850000,,1789,115282.8608,1369.4353,,
,251.281,ISLAND,GE14850000,,1808,3779.5381,251.2802,,
,989.46,ISLAND,GE14850000,,1814,52516.7319,989.4604,,
,1213.446,ISLAND,GE14850000,,1260,88280.6005,1213.4463,,
,376.727,ISLAND,GE14850000,,1797,10509.5138,376.7277,,
,33325.012,ISLAND,GE14850000,,1800,18004330.9183,33325.0155,,
,650.475,ISLAND,GE14850000,,1354,17913.0452,650.4759,,
,923.723,ISLAND,GE14850000,,1879,52856.5838,923.7214,,
,1649.403,ISLAND,GE14850000,,1878,143416.4532,1649.4034,,
,3905.273,ISLAND,GE14850000,,1864,642110.0294,3905.2723,,
,453.144,ISLAND,GE14850000,,1875,14023.0634,453.1434,,
,4857.769,ISLAND,GE14850000,,1863,836337.9079,4857.7693,,
,620.059,ISLAND,GE14850000,,1873,19449.0197,620.0589,,
,590.016,ISLAND,GE14850000,,1872,17348.1014,590.0175,,
,1418.457,ISLAND,GE14850000,,1868,74207.6776,1418.4594,,
,387.728,ISLAND,GE14850000,,1866,8413.5542,387.7272,,
,434.091,ISLAND,GE14850000,,1865,10576.9362,434.0899,,
,549.913,ISLAND,GE14850000,,1859,13341.7014,549.9119,,
,373.963,ISLAND,GE14850000,,1862,7682.8414,373.9634,,
,758.191,ISLAND,GE14850000,,1855,36853.6257,758.1906,,
,1267.849,ISLAND,GE14850000,,1852,68421.22,1267.8499,,
,567.18,ISLAND,GE14850000,,1850,14720.7865,567.1808,,
,390.892,ISLAND,GE14850000,,1847,9638.1037,390.8918,,
,3354.601,ISLAND,GE14850000,,1837,515306.4443,3354.6,,
,345.865,ISLAND,GE14850000,,1846,7974.0877,345.8657,,
,1141.585,ISLAND,GE14850000,,1841,59922.8788,1141.5857,,
,470.087,ISLAND,GE14850000,,1844,14470.3357,470.0874,,
,515.41,ISLAND,GE14850000,,1843,17291.6021,515.4102,,
,1055.251,ISLAND,GE14850000,,1836,64200.4202,1055.25,,
,903.503,ISLAND,GE14850000,,1835,34470.9805,903.5028,,
,213.603,ISLAND,GE14850000,,1834,2775.45,213.6039,,
,321.883,ISLAND,GE14850000,,1830,6548.9286,321.8841,,
,854.711,ISLAND,GE14850000,,1828,37992.4504,854.7123,,
,331.211,ISLAND,GE14850000,,1827,6881.3964,331.21,,
,2170.333,ISLAND,GE14850000,,1817,291358.4714,2170.332,,
,274.047,ISLAND,GE14850000,,1819,4975.3884,274.0474,,
,12702.183,ISLAND,GE14850000,,1362,3983554.1712,12702.1829,,
,11294.177,ISLAND,GE14850000,,1857,2460722.2672,11294.1802,,
,1808.886,ISLAND,GE14850000,,1806,130919.5046,1808.8857,,
,427.946,ISLAND,GE14850000,,1833,9198.7778,427.9453,,
,1185.97,ISLAND,GE14850000,,1391,68516.2651,1185.9713,,
,480.562,ISLAND,GE14850000,,1853,12012.6563,480.5625,,
,502.234,ISLAND,GE14850000,,1401,17303.1007,502.2344,,
,334.323,ISLAND,GE14850000,,1829,7260.8411,334.322,,
,14662.456,ISLAND,GE14850000,,1825,4035305.7837,14662.4578,,
,503.15,ISLAND,GE14850000,,1400,16607.7445,503.1499,,
,740.635,ISLAND,GE14850000,,1378,30568.119,740.636,,
,573.475,ISLAND,GE14850000,,1356,23308.747,573.4765,,
,567.255,ISLAND,GE14850000,,1860,19161.9272,567.2543,,
,4368.54,ISLAND,GE14850000,,1373,973506.9249,4368.5389,,
,1087.048,ISLAND,GE14850000,,1813,44646.7683,1087.0453,,
,828.168,ISLAND,GE14850000,,1389,45867.8437,828.1683,,
,8103.685,ISLAND,GE14850000,,1867,1040951.51,8103.6866,,
,2914.512,ISLAND,GE14850000,,1818,477081.8888,2914.5102,,
,825.325,ISLAND,GE14850000,,1823,44992.5485,825.3261,,
,476.77,ISLAND,GE14850000,,1392,12776.9434,476.7706,,
,1890.199,ISLAND,GE14850000,,1831,133074.8751,1890.1984,,
,445.44,ISLAND,GE14850000,,1858,12985.6796,445.4396,,
,1085.488,ISLAND,GE14850000,,1848,26916.3769,1085.4884,,
,3536.829,ISLAND,GE14850000,,1379,505888.782,3536.8297,,
,277.615,ISLAND,GE14850000,,1822,5233.1123,277.6147,,
,968.589,ISLAND,GE14850000,,1826,44522.4214,968.5901,,
,382.346,ISLAND,GE14850000,,1374,8834.7189,382.346,,
,394.146,ISLAND,GE14850000,,1358,7652.9457,394.145,,
,771.086,ISLAND,GE14850000,,1861,21263.5337,771.0859,,
,426.21,ISLAND,GE14850000,,1824,11522.3715,426.2104,,
,611.684,ISLAND,GE14850000,,1820,19764.8273,611.6835,,
,539.683,ISLAND,GE14850000,,1367,19004.4749,539.6838,,
,933.154,ISLAND,GE14850000,,1364,62654.897,933.1551,,
,658.286,ISLAND,GE14850000,,1355,21267.8461,658.2869,,
,506.094,ISLAND,GE14850000,,1366,17795.1282,506.0946,,
,311.23,ISLAND,GE14850000,,1832,5495.9513,311.2293,,
,2971.256,ISLAND,GE14850000,,1851,515097.1131,2971.2557,,
,655.913,ISLAND,GE14850000,,1874,26865.504,655.9121,,
,277.421,ISLAND,GE14850000,,1845,5055.441,277.4217,,
,1818.6,ISLAND,GE14850000,,1839,167042.9878,1818.6004,,
,675.537,ISLAND,GE14850000,,1838,24255.7823,675.5366,,
,770.505,ISLAND,GE14850000,,1840,34049.7423,770.5044,,
,472.209,ISLAND,GE14850000,,1842,14733.5135,472.2094,,
,281852.029,ISLAND,GE14850000,,1212,357321284.7263,281852.0141,,
,202.376,ISLAND,GE14850000,,1377,2362.4762,202.3755,,
,1238.716,ISLAND,GE14850000,,1381,57442.6559,1238.7162,,
,411.953,ISLAND,GE14850000,,1821,10026.4097,411.9522,,
,998.351,ISLAND,GE14850000,,1372,61938.3093,998.3503,,
,337.748,ISLAND,GE14850000,,1351,7323.5202,337.7485,,
,884.885,ISLAND,GE14850000,,1368,33449.1912,884.8838,,
,251.605,ISLAND,GE14850000,,1371,3730.4,251.6042,,
,1092.882,ISLAND,GE14850000,,1360,40286.0926,1092.8824,,
,358.2,ISLAND,GE14850000,,1805,9234.0059,358.1992,,
,887.181,ISLAND,GE14850000,,1881,38381.5843,887.1815,,
,432.894,ISLAND,GE14850000,,1876,12244.339,432.8958,,
,788.719,ISLAND,GE14850000,,1856,36984.763,788.719,,
,310.105,ISLAND,GE14850000,,1871,4974.981,310.105,,
,280.687,ISLAND,GE14850000,,1870,5254.7648,280.6869,,
,554.939,ISLAND,GE14850000,,1854,21409.5674,554.9389,,
,1251.753,ISLAND,GE14850000,,1849,65237.8257,1251.7533,,
,1703.523,ISLAND,GE14850000,,1869,183396.8909,1703.5238,,
,424.591,ISLAND,GE14850000,,1352,11299.4037,424.5908,,
,334.776,ISLAND,GE14850000,,1353,7479.2492,334.7756,,
,750.798,ISLAND,GE14850000,,1877,38745.7173,750.7976,,
,443.856,ISLAND,GE14850000,,1375,7524.9773,443.8563,,
,436.985,ISLAND,GE14850000,,1369,12462.6663,436.9856,,
,16461.922,ISLAND,GE14850000,,1409,4841069.2873,16461.9218,,
,1710.559,ISLAND,GE14850000,,1404,154856.3697,1710.5579,,
,980.939,ISLAND,GE14850000,,1396,45484.0062,980.9404,,
,775.25,ISLAND,GE14850000,,1393,38461.3927,775.2496,,
,11968.118,ISLAND,GE14850000,,1350,3036548.2335,11968.1154,,
,5490.59,ISLAND,GE14850000,,1365,1020987.5919,5490.5908,,
,527.291,ISLAND,GE14850000,,1376,17812.1141,527.2903,,
,1210.658,ISLAND,GE14850000,,1880,59718.9463,1210.6572,,
,1054.044,ISLAND,GE14850000,,1361,67690.4925,1054.0433,,
,402.718,ISLAND,GE14850000,,1363,8702.1784,402.7186,,
,400.504,ISLAND,GE14850000,,1359,8601.6746,400.5055,,
,384.027,ISLAND,GE14850000,,1357,8619.7238,384.0271,,
,74092.011,ISLAND,GE14850000,,4991,207079526.0731,74092.0169,,
,101080.623,ISLAND,GE14850000,,4962,237487176.1062,101080.6378,,
,71419.86,ISLAND,GE14850000,,604,92729278.2162,71419.8595,,
,1077.905,ISLAND,GE14850000,,740,72324.0722,1077.9048,,
,943.17,ISLAND,GE14850000,,736,30388.1415,943.1698,,
,535.992,ISLAND,GE14850000,,735,13059.9492,535.9915,,
,587.985,ISLAND,GE14850000,,734,16707.0653,587.9846,,
,645.126,ISLAND,GE14850000,,731,23143.8229,645.1252,,
,820.18,ISLAND,GE14850000,,714,28684.9096,820.1805,,
,1041.595,ISLAND,GE14850000,,655,53110.7636,1041.5946,,
,3963.191,ISLAND,GE14850000,,645,680607.8499,3963.1911,,
,419.485,ISLAND,GE14850000,,640,9575.8375,419.4853,,
,500.037,ISLAND,GE14850000,,638,16604.9714,500.0369,,
,735.556,ISLAND,GE14850000,,626,32319.3717,735.5562,,
,760.182,ISLAND,GE14850000,,624,31854.9915,760.1816,,
,402.927,ISLAND,GE14850000,,613,11122.1354,402.9275,,
,1438.611,ISLAND,GE14850000,,609,109325.8525,1438.6111,,
,545.862,ISLAND,GE14850000,,611,16787.2065,545.862,,
,953.253,ISLAND,GE14850000,,5384,41038.8699,953.2532,,
,534.304,ISLAND,GE14850000,,5377,21205.8434,534.3043,,
,669.227,ISLAND,GE14850000,,5366,24643.7599,669.2263,,
,586.995,ISLAND,GE14850000,,5365,25809.7692,586.9955,,
,8446.133,ISLAND,GE14850000,,5351,2403623.4587,8446.1342,,
,8190.02,ISLAND,GE14850000,,5179,1682686.3542,8190.0197,,
,12167824.844,MAINLAND,HB15335000,,5764,889277743659.219,12167824.825,,
,31592855.121,OCEAN,GG19265000,,5428,92130186959.648,31592855.0785,,
,235996.449,ISLAND,GE14850000,,1141,821970201.4066,235996.45,,
,483.269,ISLAND,GE14850000,,5171,17249.8418,483.2694,,
,506.397,ISLAND,GE14850000,,5173,17818.7936,506.3965,,
,1326.35,ISLAND,GE14850000,,5169,86264.5746,1326.3502,,
,439.72,ISLAND,GE14850000,,1628,14387.3412,439.7198,,
,425.034,ISLAND,GE14850000,,1185,12960.5099,425.0339,,
,421.276,ISLAND,GE14850000,,1781,11800.0305,421.2756,,
,721.347,ISLAND,GE14850000,,1762,30140.8424,721.3468,,
,299.706,ISLAND,GE14850000,,1172,6257.0151,299.7062,,
,293.069,ISLAND,GE14850000,,1174,5974.9329,293.0696,,
,145881.851,ISLAND,GE14850000,,6054,167247504.5204,145881.8623,,
,24492.02,ISLAND,GE14850000,,607,14610482.9932,24492.0191,,
,473.535,ISLAND,GE14850000,,633,15298.0737,473.5359,,
,472.637,ISLAND,GE14850000,,632,15448.7309,472.6369,,
,2350.283,ISLAND,GE14850000,,635,247633.2642,2350.2832,,
,399.03,ISLAND,GE14850000,,606,11080.6698,399.0296,,
,850.849,ISLAND,GE14850000,,618,51130.0481,850.8492,,
,1216.701,ISLAND,GE14850000,,5341,81959.761,1216.702,,
,1609.81,ISLAND,GE14850000,,693,141382.7049,1609.8107,,
,2667.932,ISLAND,GE14850000,,686,333415.1571,2667.9317,,
,742.099,ISLAND,GE14850000,,685,28697.8114,742.0987,,
,1524.68,ISLAND,GE14850000,,670,87219.7905,1524.6803,,
,1743.68,ISLAND,GE14850000,,660,181733.1251,1743.6809,,
,1451.021,ISLAND,GE14850000,,659,128088.8097,1451.0213,,
,5385.368,ISLAND,GE14850000,,644,1048872.2502,5385.3673,,
,826.196,ISLAND,GE14850000,,662,46676.0884,826.1967,,
,1291.14,ISLAND,GE14850000,,657,72126.1941,1291.1384,,
,1960.156,ISLAND,GE14850000,,650,175721.0583,1960.1559,,
,2346.229,ISLAND,GE14850000,,639,245484.8934,2346.2272,,
,11950.134,ISLAND,GE14850000,,5260,4566639.0355,11950.1342,,
,910.642,ISLAND,GE14850000,,5253,52557.7063,910.6413,,
,681.041,ISLAND,GE14850000,,5356,22534.5266,681.0412,,
,657218.982,ISLAND,GE14850000,,5121,2277624892.7781,657219.002,,
,728.352,ISLAND,GE14850000,,5357,31743.1763,728.3526,,
,243.506,ISLAND,GE14850000,,5328,3677.6206,243.5062,,
,472.563,ISLAND,GE14850000,,5355,15849.0304,472.5631,,
,1062.154,ISLAND,GE14850000,,5359,71793.792,1062.1551,,
,460.838,ISLAND,GE14850000,,5352,14618.1098,460.8385,,
,586.325,ISLAND,GE14850000,,5358,23479.9555,586.3252,,
,264.9,ISLAND,GE14850000,,5330,2897.0588,264.8992,,
,600.11,ISLAND,GE14850000,,5369,24939.0167,600.1102,,
,299.549,ISLAND,GE14850000,,5368,6152.1518,299.5496,,
,933.405,ISLAND,GE14850000,,5374,40535.2629,933.4045,,
,237.218,ISLAND,GE14850000,,5363,3775.6867,237.2175,,
,611.473,ISLAND,GE14850000,,5379,25970.9851,611.4727,,
,758.773,ISLAND,GE14850000,,5362,29592.0712,758.7733,,
,281.164,ISLAND,GE14850000,,5373,5402.4079,281.1638,,
,1405.541,ISLAND,GE14850000,,5375,99484.2044,1405.5422,,
,221.314,ISLAND,GE14850000,,5338,3300.3205,221.3133,,
,409.776,ISLAND,GE14850000,,5361,9015.9111,409.7769,,
,2956.836,ISLAND,GE14850000,,5360,331369.6266,2956.8349,,
,1445.399,ISLAND,GE14850000,,5371,121856.6193,1445.3994,,
,1103.81,ISLAND,GE14850000,,5367,67012.7535,1103.8111,,
,960.597,ISLAND,GE14850000,,5345,42192.8451,960.5959,,
,634.658,ISLAND,GE14850000,,612,28914.2404,634.6574,,
,241.905,ISLAND,GE14850000,,5332,4190.8168,241.9041,,
,682.899,ISLAND,GE14850000,,5221,29252.6643,682.8993,,
,221.221,ISLAND,GE14850000,,5321,3390.0384,221.2202,,
,2637.275,ISLAND,GE14850000,,5257,473231.5943,2637.2744,,
,1130.554,ISLAND,GE14850000,,617,50603.1406,1130.5546,,
,325.852,ISLAND,GE14850000,,943,7135.4749,325.8523,,
,797.247,ISLAND,GE14850000,,933,40224.5043,797.2467,,
,1562.224,ISLAND,GE14850000,,927,86817.8477,1562.2231,,
,1762.839,ISLAND,GE14850000,,928,93140.5378,1762.838,,
,812.218,ISLAND,GE14850000,,923,45426.1554,812.2184,,
,6466.41,ISLAND,GE14850000,,899,961322.788,6466.4083,,
,455.939,ISLAND,GE14850000,,919,13927.7701,455.9394,,
,1815.138,ISLAND,GE14850000,,913,125733.451,1815.1374,,
,351.889,ISLAND,GE14850000,,915,7702.9747,351.8897,,
,316.676,ISLAND,GE14850000,,912,7234.6101,316.6759,,
,493.946,ISLAND,GE14850000,,895,16857.7834,493.9454,,
,860.65,ISLAND,GE14850000,,887,28045.89,860.6499,,
,5642.815,ISLAND,GE14850000,,862,792678.5441,5642.8143,,
,918.931,ISLAND,GE14850000,,864,55292.7175,918.9318,,
,5228.816,ISLAND,GE14850000,,858,706866.7436,5228.8152,,
,4395.185,ISLAND,GE14850000,,853,760938.5495,4395.1849,,
,1930.357,ISLAND,GE14850000,,861,145531.0157,1930.3566,,
,680.332,ISLAND,GE14850000,,856,29963.1888,680.3334,,
,450.283,ISLAND,GE14850000,,855,11498.9901,450.2834,,
,1948.638,ISLAND,GE14850000,,848,162770.0065,1948.6382,,
,2542.896,ISLAND,GE14850000,,847,255769.4438,2542.8956,,
,379.621,ISLAND,GE14850000,,851,9220.8056,379.6221,,
,2844.508,ISLAND,GE14850000,,845,250119.5307,2844.509,,
,1171.051,ISLAND,GE14850000,,846,59770.4672,1171.0523,,
,982.718,ISLAND,GE14850000,,844,54227.6111,982.718,,
,389.626,ISLAND,GE14850000,,843,10164.1725,389.6257,,
,1346.537,ISLAND,GE14850000,,724,87916.1186,1346.5362,,
,3381.021,ISLAND,GE14850000,,890,487044.7485,3381.0222,,
,2604.802,ISLAND,GE14850000,,727,155394.9644,2604.8024,,
,674.408,ISLAND,GE14850000,,904,21103.6707,674.4082,,
,1160.913,ISLAND,GE14850000,,730,46485.5408,1160.9132,,
,2702.833,ISLAND,GE14850000,,921,205465.6899,2702.831,,
,271.011,ISLAND,GE14850000,,935,5289.4731,271.0095,,
,343.155,ISLAND,GE14850000,,934,8232.937,343.1556,,
,318.798,ISLAND,GE14850000,,944,7422.4876,318.7971,,
,341.627,ISLAND,GE14850000,,942,7955.4992,341.6268,,
,279.921,ISLAND,GE14850000,,673,5593.0074,279.9218,,
,420.322,ISLAND,GE14850000,,671,9746.7515,420.3233,,
,275.737,ISLAND,GE14850000,,788,5247.2538,275.7378,,
,412.167,ISLAND,GE14850000,,707,9674.3761,412.1664,,
,496.503,ISLAND,GE14850000,,708,14215.4289,496.5035,,
,406.873,ISLAND,GE14850000,,772,11634.8195,406.8732,,
,1413.707,ISLAND,GE14850000,,786,90490.5496,1413.7076,,
,485.106,ISLAND,GE14850000,,776,16871.384,485.1069,,
,1232.872,ISLAND,GE14850000,,893,80486.6024,1232.872,,
,638.9,ISLAND,GE14850000,,758,22231.8781,638.8997,,
,647.423,ISLAND,GE14850000,,941,24244.3819,647.4234,,
,427.668,ISLAND,GE14850000,,796,12217.3021,427.6685,,
,369.611,ISLAND,GE14850000,,932,9206.2519,369.611,,
,927.13,ISLAND,GE14850000,,797,47095.949,927.1294,,
,390.711,ISLAND,GE14850000,,929,8815.4123,390.7112,,
,389.101,ISLAND,GE14850000,,940,11226.7341,389.1001,,
,277.48,ISLAND,GE14850000,,920,5328.8465,277.4808,,
,355.931,ISLAND,GE14850000,,803,8610.2059,355.9302,,
,877.842,ISLAND,GE14850000,,810,49306.0135,877.8419,,
,966.895,ISLAND,GE14850000,,917,41024.3561,966.8946,,
,329.976,ISLAND,GE14850000,,800,7687.0246,329.9767,,
,239.008,ISLAND,GE14850000,,1004,4084.8641,239.0084,,
,294.172,ISLAND,GE14850000,,1002,6180.8637,294.1714,,
,532.384,ISLAND,GE14850000,,1000,17978.14,532.3848,,
,1359.531,ISLAND,GE14850000,,994,83651.1358,1359.5316,,
,649.457,ISLAND,GE14850000,,998,28094.6932,649.4565,,
,427.292,ISLAND,GE14850000,,997,10338.2208,427.2917,,
,593.06,ISLAND,GE14850000,,995,15883.9238,593.0607,,
,388.308,ISLAND,GE14850000,,988,11219.3995,388.307,,
,841.817,ISLAND,GE14850000,,983,47315.4518,841.8172,,
,828.414,ISLAND,GE14850000,,984,30340.6962,828.4144,,
,473.382,ISLAND,GE14850000,,986,16378.7444,473.3825,,
,1202.457,ISLAND,GE14850000,,981,54334.1209,1202.4572,,
,343.526,ISLAND,GE14850000,,982,8137.8989,343.5254,,
,354.128,ISLAND,GE14850000,,980,9272.5797,354.1274,,
,376.061,ISLAND,GE14850000,,978,10367.0296,376.0608,,
,866.495,ISLAND,GE14850000,,972,26279.0302,866.495,,
,551.459,ISLAND,GE14850000,,973,19337.1428,551.4588,,
,1161.796,ISLAND,GE14850000,,964,61898.8199,1161.7968,,
,430.387,ISLAND,GE14850000,,968,13524.6032,430.387,,
,859.127,ISLAND,GE14850000,,965,47698.3313,859.1267,,
,2625.774,ISLAND,GE14850000,,950,268945.3932,2625.7727,,
,802.582,ISLAND,GE14850000,,956,34271.7023,802.5815,,
,631.943,ISLAND,GE14850000,,958,28738.3664,631.9432,,
,351.97,ISLAND,GE14850000,,961,8896.2638,351.9703,,
,637.494,ISLAND,GE14850000,,947,23430.2545,637.4941,,
,830.78,ISLAND,GE14850000,,945,45874.0462,830.7801,,
,352.587,ISLAND,GE14850000,,952,8734.626,352.5869,,
,371.865,ISLAND,GE14850000,,951,9801.2198,371.8656,,
,419.925,ISLAND,GE14850000,,948,11145.159,419.9253,,
,305.554,ISLAND,GE14850000,,949,6222.5324,305.554,,
,292.717,ISLAND,GE14850000,,946,5587.9942,292.7165,,
,6205.437,ISLAND,GE14850000,,1025,865527.8071,6205.4366,,
,1075.331,ISLAND,GE14850000,,233,67389.6739,1075.3304,,
,14531.146,ISLAND,GE14850000,,787,6411653.0854,14531.1441,,
,477.162,ISLAND,GE14850000,,996,14235.3355,477.162,,
,388.853,ISLAND,GE14850000,,825,11259.6249,388.8523,,
,563.094,ISLAND,GE14850000,,1011,17752.7711,563.0943,,
,1257.765,ISLAND,GE14850000,,1037,86392.1768,1257.7656,,
,3337.349,ISLAND,GE14850000,,833,441162.6254,3337.3488,,
,803.039,ISLAND,GE14850000,,820,33789.4988,803.039,,
,469.732,ISLAND,GE14850000,,834,15231.8808,469.7328,,
,1701.692,ISLAND,GE14850000,,1020,96716.4297,1701.6928,,
,1205.245,ISLAND,GE14850000,,1023,102603.0822,1205.2453,,
,551.928,ISLAND,GE14850000,,909,22418.0739,551.9273,,
,1009.358,ISLAND,GE14850000,,910,65572.842,1009.3584,,
,459.911,ISLAND,GE14850000,,877,13365.7573,459.9113,,
,1017.395,ISLAND,GE14850000,,1015,72423.0844,1017.3962,,
,740.849,ISLAND,GE14850000,,789,32954.1212,740.8487,,
,502.767,ISLAND,GE14850000,,876,14465.6531,502.7662,,
,3464.533,ISLAND,GE14850000,,1013,406599.7282,3464.5344,,
,659.712,ISLAND,GE14850000,,868,28896.0296,659.7104,,
,322.301,ISLAND,GE14850000,,885,7228.0255,322.3026,,
,365.595,ISLAND,GE14850000,,881,9971.2083,365.596,,
,500,ISLAND,GE14850000,,880,16310.5663,500.0003,,
,499.357,ISLAND,GE14850000,,879,14222.7826,499.3565,,
,586.707,ISLAND,GE14850000,,884,19823.0965,586.7063,,
,577.743,ISLAND,GE14850000,,908,23299.741,577.7434,,
,2024.033,ISLAND,GE14850000,,1028,278535.8646,2024.0329,,
,470.036,ISLAND,GE14850000,,901,16021.4696,470.0365,,
,1151.288,ISLAND,GE14850000,,875,91539.4325,1151.2885,,
,1316.201,ISLAND,GE14850000,,902,70193.5553,1316.2012,,
,395.065,ISLAND,GE14850000,,900,10361.4048,395.0662,,
,189272.605,ISLAND,GE14850000,,620,425812706.3379,189272.6123,,
,374.168,ISLAND,GE14850000,,840,9265.7305,374.1693,,
,307.481,ISLAND,GE14850000,,837,6919.6208,307.481,,
,481.843,ISLAND,GE14850000,,836,16755.5381,481.8421,,
,380.028,ISLAND,GE14850000,,835,9468.7512,380.0278,,
,866.036,ISLAND,GE14850000,,830,35726.7895,866.0354,,
,675.18,ISLAND,GE14850000,,821,24296.5331,675.1809,,
,2305.698,ISLAND,GE14850000,,818,247798.7269,2305.6963,,
,842.401,ISLAND,GE14850000,,815,29275.0559,842.401,,
,384.001,ISLAND,GE14850000,,793,10261.221,384.0023,,
,502.874,ISLAND,GE14850000,,792,14606.707,502.8748,,
,611.357,ISLAND,GE14850000,,791,22377.2856,611.3572,,
,546.698,ISLAND,GE14850000,,752,14693.1751,546.6979,,
,784.935,ISLAND,GE14850000,,749,26962.2098,784.9358,,
,3263.494,ISLAND,GE14850000,,720,425614.0157,3263.4939,,
,383.413,ISLAND,GE14850000,,718,10659.2961,383.4125,,
,295.036,ISLAND,GE14850000,,717,6409.7989,295.0368,,
,559.466,ISLAND,GE14850000,,716,15774.854,559.4654,,
,412.751,ISLAND,GE14850000,,713,10788.2503,412.751,,
,1321.106,ISLAND,GE14850000,,710,95628.7165,1321.1062,,
,832.29,ISLAND,GE14850000,,704,43619.8578,832.2893,,
,2575.012,ISLAND,GE14850000,,697,278223.6889,2575.013,,
,1170.468,ISLAND,GE14850000,,701,70054.6608,1170.4683,,
,311.573,ISLAND,GE14850000,,703,6787.3444,311.5742,,
,819.791,ISLAND,GE14850000,,699,41811.763,819.7904,,
,1064.679,ISLAND,GE14850000,,695,48751.878,1064.6802,,
,2025.506,ISLAND,GE14850000,,694,130678.3721,2025.5072,,
,4252.499,ISLAND,GE14850000,,677,591967.0597,4252.4986,,
,3943.989,ISLAND,GE14850000,,663,306049.8919,3943.9875,,
,537.302,ISLAND,GE14850000,,669,17466.6316,537.3014,,
,614.787,ISLAND,GE14850000,,646,25726.5691,614.7863,,
,466.905,ISLAND,GE14850000,,805,14987.6792,466.9048,,
,895.51,ISLAND,GE14850000,,799,54032.7895,895.51,,
,416.779,ISLAND,GE14850000,,966,12176.9742,416.7799,,
,394.868,ISLAND,GE14850000,,953,10900.7213,394.8673,,
,502.602,ISLAND,GE14850000,,970,16690.6759,502.6023,,
,1054.816,ISLAND,GE14850000,,979,55851.6901,1054.8154,,
,215.627,ISLAND,GE14850000,,963,2957.9824,215.6261,,
,496.608,ISLAND,GE14850000,,976,15258.1011,496.607,,
,385.496,ISLAND,GE14850000,,829,10648.3729,385.4968,,
,9796.52,ISLAND,GE14850000,,742,2620275.0903,9796.5197,,
,290.883,ISLAND,GE14850000,,832,6042.6289,290.8818,,
,1206.497,ISLAND,GE14850000,,971,62286.088,1206.4971,,
,359.673,ISLAND,GE14850000,,824,8989.6536,359.673,,
,357.345,ISLAND,GE14850000,,822,8986.9375,357.3454,,
,1078.757,ISLAND,GE14850000,,828,79154.1066,1078.7562,,
,688.69,ISLAND,GE14850000,,1010,23019.6394,688.6914,,
,392.557,ISLAND,GE14850000,,819,11374.2419,392.5558,,
,507.072,ISLAND,GE14850000,,967,18971.2466,507.0719,,
,564.88,ISLAND,GE14850000,,991,22181.8518,564.8804,,
,377.987,ISLAND,GE14850000,,1016,9346.9188,377.9873,,
,296.209,ISLAND,GE14850000,,1012,6503.3027,296.2094,,
,343.545,ISLAND,GE14850000,,969,7945.8894,343.5447,,
,2875.814,ISLAND,GE14850000,,794,374400.5863,2875.8133,,
,851.014,ISLAND,GE14850000,,1018,38828.8963,851.015,,
,465.28,ISLAND,GE14850000,,1029,12221.6124,465.2797,,
,481.868,ISLAND,GE14850000,,1008,16839.0899,481.8677,,
,2188.88,ISLAND,GE14850000,,255,212156.2247,2188.8784,,
,402.553,ISLAND,GE14850000,,1005,10863.048,402.5529,,
,310.454,ISLAND,GE14850000,,1001,6898.8426,310.4532,,
,474.106,ISLAND,GE14850000,,748,15326.0779,474.1062,,
,351.209,ISLAND,GE14850000,,990,8024.7826,351.2083,,
,309.049,ISLAND,GE14850000,,267,6953.4585,309.0488,,
,3295.334,ISLAND,GE14850000,,257,306839.473,3295.3353,,
,285.81,ISLAND,GE14850000,,266,5057.0994,285.8108,,
,2570.248,ISLAND,GE14850000,,247,144893.6223,2570.2485,,
,891.372,ISLAND,GE14850000,,252,34463.5635,891.3709,,
,525.613,ISLAND,GE14850000,,249,12646.8169,525.6125,,
,1060.746,ISLAND,GE14850000,,245,51786.6952,1060.7467,,
,824.287,ISLAND,GE14850000,,246,26904.3746,824.2874,,
,594.684,ISLAND,GE14850000,,242,17941.4188,594.684,,
,293.473,ISLAND,GE14850000,,244,5574.1147,293.4746,,
,380.42,ISLAND,GE14850000,,240,10287.3985,380.4198,,
,582.58,ISLAND,GE14850000,,237,25046.5667,582.5797,,
,677.222,ISLAND,GE14850000,,236,24277.9968,677.2214,,
,393.903,ISLAND,GE14850000,,234,10913.7638,393.9031,,
,440.817,ISLAND,GE14850000,,230,13258.8206,440.8182,,
,450.289,ISLAND,GE14850000,,1047,13124.6453,450.2895,,
,668.893,ISLAND,GE14850000,,1045,21809.3745,668.8926,,
,640.282,ISLAND,GE14850000,,1044,25174.5215,640.2812,,
,441.365,ISLAND,GE14850000,,1043,12379.6062,441.3634,,
,783.326,ISLAND,GE14850000,,1036,25682.4989,783.326,,
,578.084,ISLAND,GE14850000,,1038,17133.3462,578.0838,,
,349.532,ISLAND,GE14850000,,1041,7059.8717,349.5317,,
,338.135,ISLAND,GE14850000,,1039,7285.0716,338.1352,,
,770.593,ISLAND,GE14850000,,1032,30386.4921,770.5924,,
,356.562,ISLAND,GE14850000,,1030,7696.1757,356.5628,,
,994.085,ISLAND,GE14850000,,1022,58826.5739,994.0849,,
,1213.582,ISLAND,GE14850000,,1014,90109.1741,1213.5826,,
,681.506,ISLAND,GE14850000,,1017,26494.1818,681.5054,,
,4057.333,ISLAND,GE14850000,,993,387115.3485,4057.3307,,
,401.304,ISLAND,GE14850000,,1009,9885.0026,401.303,,
,251.335,ISLAND,GE14850000,,1007,4287.9542,251.3346,,
,189903.537,ISLAND,GE14850000,,771,292127420.591,189903.5379,,
,1842.617,ISLAND,GE14850000,,954,119695.6867,1842.6159,,
,476.583,ISLAND,GE14850000,,878,15980.5385,476.5835,,
,374.06,ISLAND,GE14850000,,1003,9097.4392,374.06,,
,393.349,ISLAND,GE14850000,,874,10796.1363,393.3493,,
,1125.013,ISLAND,GE14850000,,957,77451.4759,1125.0127,,
,487.496,ISLAND,GE14850000,,870,13291.1004,487.496,,
,455.081,ISLAND,GE14850000,,872,12705.2462,455.0819,,
,907.448,ISLAND,GE14850000,,999,37273.2263,907.4479,,
,485.263,ISLAND,GE14850000,,817,14280.373,485.2635,,
,501.987,ISLAND,GE14850000,,841,13143.5162,501.9863,,
,972.327,ISLAND,GE14850000,,809,58031.8944,972.327,,
,431.845,ISLAND,GE14850000,,790,11854.6716,431.8445,,
,576.593,ISLAND,GE14850000,,780,22356.154,576.5923,,
,683.933,ISLAND,GE14850000,,744,28601.1555,683.9326,,
,4840.959,ISLAND,GE14850000,,816,1119101.0927,4840.959,,
,630.796,ISLAND,GE14850000,,849,22064.9793,630.7973,,
,15087.355,ISLAND,GE14850000,,839,5205570.036,15087.3526,,
,979.076,ISLAND,GE14850000,,863,40333.777,979.0756,,
,796.624,ISLAND,GE14850000,,871,36624.9256,796.6235,,
,576.639,ISLAND,GE14850000,,962,22492.0857,576.6376,,
,126383.657,ISLAND,GE14850000,,651,238853130.5877,126383.6608,,
,59734.869,ISLAND,GE14850000,,894,50616701.6466,59734.8615,,
,354.524,ISLAND,GE14850000,,974,8922.2482,354.5246,,
,4462.965,ISLAND,GE14850000,,936,527104.5386,4462.9638,,
,496.414,ISLAND,GE14850000,,977,16502.1816,496.4144,,
,383.263,ISLAND,GE14850000,,898,8893.1467,383.2623,,
,799.628,ISLAND,GE14850000,,916,30863.2516,799.6265,,
,435.305,ISLAND,GE14850000,,777,13493.986,435.3054,,
,360.232,ISLAND,GE14850000,,959,8392.7759,360.2327,,
,529.695,ISLAND,GE14850000,,937,17644.8524,529.6948,,
,113031.526,ISLAND,GE14850000,,1019,168477536.4152,113031.5206,,
,5775.698,ISLAND,GE14850000,,341,1531698.153,5775.696,,
,722.43,ISLAND,GE14850000,,351,35331.277,722.4299,,
,827.9,ISLAND,GE14850000,,350,43465.8753,827.8997,,
,792.69,ISLAND,GE14850000,,348,34594.9993,792.6904,,
,556.928,ISLAND,GE14850000,,346,20669.8333,556.9274,,
,502.682,ISLAND,GE14850000,,345,15164.8826,502.6829,,
,802.919,ISLAND,GE14850000,,342,43650.6083,802.9187,,
,743.531,ISLAND,GE14850000,,339,35860.7457,743.5298,,
,628.628,ISLAND,GE14850000,,335,23929.8103,628.6272,,
,597.458,ISLAND,GE14850000,,1177,19320.9971,597.4581,,
,3013.971,ISLAND,GE14850000,,1173,426587.1563,3013.9704,,
,570.598,ISLAND,GE14850000,,1176,21075.1058,570.5976,,
,1560.512,ISLAND,GE14850000,,1171,93941.6881,1560.5128,,
,369.919,ISLAND,GE14850000,,1170,9405.1691,369.9186,,
,505.864,ISLAND,GE14850000,,1169,15302.3557,505.8651,,
,3886.134,ISLAND,GE14850000,,1160,302307.1273,3886.1335,,
,729.534,ISLAND,GE14850000,,1166,25703.6157,729.5342,,
,616.012,ISLAND,GE14850000,,1167,26644.521,616.0121,,
,723.349,ISLAND,GE14850000,,1157,26621.933,723.3482,,
,735.565,ISLAND,GE14850000,,1153,28969.7906,735.5652,,
,872.015,ISLAND,GE14850000,,1152,38640.8613,872.0144,,
,699.24,ISLAND,GE14850000,,1151,27000.2433,699.239,,
,710.37,ISLAND,GE14850000,,1149,30343.8276,710.3701,,
,1260.476,ISLAND,GE14850000,,1143,72872.3776,1260.4765,,
,634.538,ISLAND,GE14850000,,1140,23768.7461,634.5373,,
,696.659,ISLAND,GE14850000,,1133,26342.6816,696.6586,,
,868.851,ISLAND,GE14850000,,1132,43738.9987,868.8511,,
,459.037,ISLAND,GE14850000,,281,14493.3434,459.0382,,
,506.477,ISLAND,GE14850000,,278,16528.315,506.4766,,
,962.808,ISLAND,GE14850000,,259,39732.4401,962.8087,,
,844.371,ISLAND,GE14850000,,1317,42311.549,844.3716,,
,461.968,ISLAND,GE14850000,,1315,14199.3516,461.9681,,
,975.035,ISLAND,GE14850000,,1308,54273.0926,975.0349,,
,1061.347,ISLAND,GE14850000,,1299,65418.8533,1061.347,,
,701.109,ISLAND,GE14850000,,1298,28781.0577,701.1096,,
,3798.308,ISLAND,GE14850000,,1280,479834.1308,3798.3079,,
,547.82,ISLAND,GE14850000,,1296,21308.0775,547.8192,,
,476.971,ISLAND,GE14850000,,1290,14872.943,476.9708,,
,424.862,ISLAND,GE14850000,,1289,13133.9645,424.8607,,
,265.565,ISLAND,GE14850000,,1288,4891.0936,265.5645,,
,1551.841,ISLAND,GE14850000,,1274,90452.2033,1551.8402,,
,658.236,ISLAND,GE14850000,,1279,28433.1369,658.2365,,
,916.824,ISLAND,GE14850000,,1276,51412.7808,916.8236,,
,549.211,ISLAND,GE14850000,,1273,19246.4724,549.2111,,
,592.299,ISLAND,GE14850000,,1268,24145.1029,592.2988,,
,930.778,ISLAND,GE14850000,,1267,44178.8728,930.7781,,
,640.514,ISLAND,GE14850000,,382,26022.686,640.5133,,
,481.172,ISLAND,GE14850000,,381,16628.5162,481.1718,,
,383.771,ISLAND,GE14850000,,380,10892.5381,383.7692,,
,398.743,ISLAND,GE14850000,,378,10801.1615,398.7425,,
,462.576,ISLAND,GE14850000,,377,11977.5253,462.5752,,
,414.355,ISLAND,GE14850000,,375,8267.8908,414.3551,,
,837.316,ISLAND,GE14850000,,370,37996.7415,837.3156,,
,303.324,ISLAND,GE14850000,,373,5296.9482,303.324,,
,474.599,ISLAND,GE14850000,,371,15175.606,474.5993,,
,573.098,ISLAND,GE14850000,,369,22877.2295,573.0978,,
,319.032,ISLAND,GE14850000,,366,7258.9467,319.0325,,
,318.647,ISLAND,GE14850000,,363,6341.086,318.6482,,
,424.01,ISLAND,GE14850000,,357,11690.7334,424.0095,,
,486.859,ISLAND,GE14850000,,353,12101.1547,486.8595,,
,332.28,ISLAND,GE14850000,,354,7998.9282,332.2795,,
,65868.053,ISLAND,GE14850000,,229,94200188.384,65868.0546,,
,2692.147,ISLAND,GE14850000,,1165,250924.2193,2692.1471,,
,22565.107,ISLAND,GE14850000,,338,17541428.4598,22565.1057,,
,906.669,ISLAND,GE14850000,,349,59582.6949,906.6686,,
,433.531,ISLAND,GE14850000,,1175,12897.0026,433.5306,,
,569.755,ISLAND,GE14850000,,374,21246.3833,569.754,,
,449.778,ISLAND,GE14850000,,1147,11768.7922,449.7781,,
,542.915,ISLAND,GE14850000,,277,16665.8448,542.9152,,
,640.035,ISLAND,GE14850000,,274,18218.6083,640.0356,,
,13246.752,ISLAND,GE14850000,,383,4473377.0271,13246.7547,,
,2864.613,ISLAND,GE14850000,,1297,489257.3345,2864.614,,
,923.433,ISLAND,GE14850000,,336,46256.0527,923.4318,,
,258.223,ISLAND,GE14850000,,1287,4801.504,258.2233,,
,7002.449,ISLAND,GE14850000,,365,1314992.2359,7002.4483,,
,479.12,ISLAND,GE14850000,,1286,14931.0477,479.1202,,
,566.905,ISLAND,GE14850000,,347,24194.2268,566.9049,,
,1035.994,ISLAND,GE14850000,,352,57736.2357,1035.9943,,
,711.247,ISLAND,GE14850000,,1313,20459.178,711.247,,
,434.721,ISLAND,GE14850000,,1291,11652.873,434.7209,,
,3815.5,ISLAND,GE14850000,,1292,681367.0165,3815.4975,,
,371.689,ISLAND,GE14850000,,1294,8809.5316,371.6893,,
,11644.505,ISLAND,GE14850000,,334,4192167.7925,11644.5065,,
,377.093,ISLAND,GE14850000,,1310,10283.3147,377.0927,,
,604.53,ISLAND,GE14850000,,1295,17236.6482,604.5301,,
,2012.201,ISLAND,GE14850000,,356,151502.9421,2012.2019,,
,1725.51,ISLAND,GE14850000,,1179,165493.2555,1725.5108,,
,689.523,ISLAND,GE14850000,,355,25466.1898,689.5236,,
,365.223,ISLAND,GE14850000,,1154,9006.7947,365.2228,,
,619.884,ISLAND,GE14850000,,1301,17656.5584,619.8841,,
,538.556,ISLAND,GE14850000,,1306,17589.5239,538.5558,,
,328.841,ISLAND,GE14850000,,1321,7427.8249,328.8414,,
,2532.299,ISLAND,GE14850000,,1061,327672.3782,2532.2974,,
,1416.153,ISLAND,GE14850000,,1060,128233.4231,1416.1529,,
,504.061,ISLAND,GE14850000,,1205,17876.6081,504.0612,,
,540.924,ISLAND,GE14850000,,1193,18049.526,540.9234,,
,1311.236,ISLAND,GE14850000,,1182,101297.9941,1311.2364,,
,491.042,ISLAND,GE14850000,,1181,14856.3967,491.0423,,
,465.532,ISLAND,GE14850000,,1347,15371.9101,465.5313,,
,2812.165,ISLAND,GE14850000,,1336,326030.5372,2812.1659,,
,1047.73,ISLAND,GE14850000,,1342,47773.3352,1047.7289,,
,718.675,ISLAND,GE14850000,,1337,34392.313,718.6745,,
,795.496,ISLAND,GE14850000,,1334,40798.6158,795.4962,,
,552.846,ISLAND,GE14850000,,1333,19075.2933,552.8466,,
,554.592,ISLAND,GE14850000,,1331,19648.4906,554.5928,,
,401.17,ISLAND,GE14850000,,1332,10909.4731,401.1697,,
,7900.433,ISLAND,GE14850000,,1327,2558218.0766,7900.4315,,
,425.94,ISLAND,GE14850000,,1326,11385.3775,425.9401,,
,1722.832,ISLAND,GE14850000,,1320,173253.3788,1722.8316,,
,387.969,ISLAND,GE14850000,,1300,11179.4674,387.968,,
,2565.767,ISLAND,GE14850000,,1293,328629.5112,2565.7678,,
,299.175,ISLAND,GE14850000,,1271,6418.86,299.1752,,
,1383.699,ISLAND,GE14850000,,386,89055.2405,1383.6987,,
,382.246,ISLAND,GE14850000,,385,10015.4959,382.2458,,
,402.664,ISLAND,GE14850000,,372,12174.4,402.6631,,
,503.158,ISLAND,GE14850000,,1168,14763.1506,503.1585,,
,2071.803,ISLAND,GE14850000,,1137,184341.178,2071.8033,,
,388.417,ISLAND,GE14850000,,1136,10006.6774,388.4165,,
,311.005,ISLAND,GE14850000,,271,6987.0211,311.0051,,
,2799.05,ISLAND,GE14850000,,262,365026.7722,2799.0511,,
,322.59,ISLAND,GE14850000,,269,7195.7567,322.5905,,
,90893.062,ISLAND,GE14850000,,629,163231024.4206,90893.0603,,
,541.583,ISLAND,GE14850000,,674,20318.2615,541.5839,,
,84270.793,ISLAND,GE14850000,,1344,42450119.5453,84270.7959,,
,539.387,ISLAND,GE14850000,,1124,17913.7462,539.3862,,
,1263.831,ISLAND,GE14850000,,1119,91982.6619,1263.8305,,
,388.309,ISLAND,GE14850000,,1118,10922.3124,388.3081,,
,371.322,ISLAND,GE14850000,,1117,9279.2168,371.3218,,
,941.726,ISLAND,GE14850000,,1110,61184.1264,941.7265,,
,465.733,ISLAND,GE14850000,,1114,15273.3915,465.7332,,
,470.306,ISLAND,GE14850000,,1113,16044.2264,470.3055,,
,440.035,ISLAND,GE14850000,,1111,13214.7492,440.0335,,
,427.549,ISLAND,GE14850000,,1105,12772.4919,427.5485,,
,769.297,ISLAND,GE14850000,,1102,40514.5328,769.2957,,
,9347.017,ISLAND,GE14850000,,1073,1843586.1714,9347.0184,,
,1477.996,ISLAND,GE14850000,,1098,87368.8288,1477.9947,,
,704.278,ISLAND,GE14850000,,1091,25551.4574,704.2774,,
,409.769,ISLAND,GE14850000,,1085,12365.0002,409.7703,,
,442.015,ISLAND,GE14850000,,1083,14283.3619,442.0152,,
,663.77,ISLAND,GE14850000,,1081,25585.8341,663.7697,,
,4909.514,ISLAND,GE14850000,,1055,631420.2523,4909.5147,,
,668.285,ISLAND,GE14850000,,1076,27398.2987,668.2851,,
,362.19,ISLAND,GE14850000,,1077,8751.4341,362.1899,,
,874.937,ISLAND,GE14850000,,1072,53197.0158,874.9376,,
,1074.4,ISLAND,GE14850000,,1209,63044.0863,1074.3999,,
,707.576,ISLAND,GE14850000,,1208,36453.2755,707.5766,,
,338.819,ISLAND,GE14850000,,1206,8090.3299,338.8191,,
,797.235,ISLAND,GE14850000,,1201,39126.5683,797.2344,,
,350.732,ISLAND,GE14850000,,1198,9020.9931,350.7312,,
,534.668,ISLAND,GE14850000,,1192,13759.0694,534.669,,
,857.222,ISLAND,GE14850000,,1191,33247.2208,857.2219,,
,1970.303,ISLAND,GE14850000,,1190,206397.0666,1970.3025,,
,545.521,ISLAND,GE14850000,,1346,18025.177,545.5204,,
,958.737,ISLAND,GE14850000,,1318,52784.2234,958.7371,,
,23144.707,ISLAND,GE14850000,,1108,5757195.2185,23144.7099,,
,2121.606,ISLAND,GE14850000,,1595,161289.6166,2121.6046,,
,3549.666,ISLAND,GE14850000,,1587,418728.8776,3549.6667,,
,49870.068,ISLAND,GE14850000,,1195,32292319.9513,49870.0698,,
,402.879,ISLAND,GE14850000,,1593,10577.9596,402.8785,,
,441.977,ISLAND,GE14850000,,1590,13526.4674,441.9762,,
,363.256,ISLAND,GE14850000,,1588,9524.7302,363.2545,,
,774.942,ISLAND,GE14850000,,1585,31399.9947,774.9438,,
,1394.064,ISLAND,GE14850000,,1581,114091.2948,1394.0649,,
,612.084,ISLAND,GE14850000,,1579,24702.8765,612.0837,,
,43535.802,ISLAND,GE14850000,,1180,40702226.4296,43535.7997,,
,1058.715,ISLAND,GE14850000,,1576,68976.2423,1058.7153,,
,288.548,ISLAND,GE14850000,,1126,6050.8591,288.5483,,
,572.396,ISLAND,GE14850000,,1121,21193.7836,572.396,,
,371.49,ISLAND,GE14850000,,1122,9676.2916,371.4897,,
,797.449,ISLAND,GE14850000,,1115,27606.6865,797.4491,,
,2604.115,ISLAND,GE14850000,,1097,204204.6675,2604.1162,,
,407.703,ISLAND,GE14850000,,1104,10103.2782,407.7024,,
,1021.076,ISLAND,GE14850000,,1099,39007.1681,1021.0756,,
,1274.808,ISLAND,GE14850000,,1094,69124.4483,1274.808,,
,1707.548,ISLAND,GE14850000,,1080,107786.0286,1707.5489,,
,653.857,ISLAND,GE14850000,,1069,20682.7406,653.8563,,
,276.305,ISLAND,GE14850000,,1066,5547.981,276.3045,,
,517.603,ISLAND,GE14850000,,1056,18245.276,517.6023,,
,602.774,ISLAND,GE14850000,,1054,19216.6548,602.7735,,
,319.908,ISLAND,GE14850000,,1050,7290.753,319.9085,,
,387.943,ISLAND,GE14850000,,1049,10871.2161,387.9434,,
,548.687,ISLAND,GE14850000,,1207,19812.6543,548.6865,,
,428.054,ISLAND,GE14850000,,1199,13253.498,428.0546,,
,399.594,ISLAND,GE14850000,,1189,10648.6321,399.5943,,
,455.87,ISLAND,GE14850000,,1325,13852.2165,455.8703,,
,766.064,ISLAND,GE14850000,,1648,30926.3236,766.0636,,
,539.011,ISLAND,GE14850000,,1630,17958.8288,539.011,,
,323.052,ISLAND,GE14850000,,1627,7676.6866,323.0524,,
,980.87,ISLAND,GE14850000,,1620,38476.8408,980.8699,,
,751.015,ISLAND,GE14850000,,1618,33697.9013,751.0148,,
,686.201,ISLAND,GE14850000,,1616,26529.7295,686.2007,,
,1180.505,ISLAND,GE14850000,,1610,86630.6282,1180.5043,,
,520.941,ISLAND,GE14850000,,1609,18234.8025,520.9417,,
,445.446,ISLAND,GE14850000,,1608,14258.8991,445.447,,
,944.021,ISLAND,GE14850000,,1604,48896.4592,944.0216,,
,1781.066,ISLAND,GE14850000,,1600,148233.6509,1781.0675,,
,338.513,ISLAND,GE14850000,,1602,8494.6522,338.5137,,
,342.316,ISLAND,GE14850000,,1601,8476.0572,342.3157,,
,1418.3,ISLAND,GE14850000,,1598,102463.8561,1418.2987,,
,408.176,ISLAND,GE14850000,,1597,12379.0542,408.1766,,
,594.916,ISLAND,GE14850000,,1596,22365.1384,594.9155,,
,13885.095,ISLAND,GE14850000,,1125,5911292.3524,13885.0948,,
,451.819,ISLAND,GE14850000,,1592,13343.014,451.8187,,
,438.637,ISLAND,GE14850000,,1591,12963.2612,438.6372,,
,1903.467,ISLAND,GE14850000,,1584,141763.888,1903.4684,,
,516.909,ISLAND,GE14850000,,1586,16044.6346,516.9104,,
,662.16,ISLAND,GE14850000,,1582,27133.2114,662.1594,,
,565.668,ISLAND,GE14850000,,1580,20956.2015,565.667,,
,741.768,ISLAND,GE14850000,,1577,27600.4898,741.7674,,
,402.24,ISLAND,GE14850000,,1578,11807.5343,402.2391,,
,1405.907,ISLAND,GE14850000,,1128,72714.8784,1405.9076,,
,892.436,ISLAND,GE14850000,,1574,35198.7314,892.4366,,
,1330.284,ISLAND,GE14850000,,1571,96737.6853,1330.2831,,
,2470.767,ISLAND,GE14850000,,1120,238034.3236,2470.7678,,
,730.851,ISLAND,GE14850000,,1573,27227.266,730.8517,,
,789.094,ISLAND,GE14850000,,1127,29802.1202,789.0931,,
,77108.9,ISLAND,GE14850000,,1088,126088175.5358,77108.9014,,
,70786.59,ISLAND,GE14850000,,1269,114270920.5028,70786.5913,,
,562.821,ISLAND,GE14850000,,1231,20292.2244,562.8207,,
,13197.542,ISLAND,GE14850000,,989,4254258.7145,13197.5427,,
,864.209,ISLAND,GE14850000,,250,30313.7021,864.2105,,
,467.805,ISLAND,GE14850000,,1112,13465.4187,467.8046,,
,746.659,ISLAND,GE14850000,,1184,39595.9647,746.6591,,
,8289.226,ISLAND,GE14850000,,1323,1088904.1856,8289.225,,
,620.092,ISLAND,GE14850000,,1183,25254.8796,620.092,,
,461.84,ISLAND,GE14850000,,1229,15084.7933,461.8406,,
,724.661,ISLAND,GE14850000,,358,31169.8636,724.6611,,
,587.305,ISLAND,GE14850000,,1309,23077.5386,587.3054,,
,492.491,ISLAND,GE14850000,,1033,17081.5513,492.4902,,
,632.947,ISLAND,GE14850000,,1307,20254.7504,632.9459,,
,4276.548,ISLAND,GE14850000,,1312,715342.6588,4276.5494,,
,614.176,ISLAND,GE14850000,,1330,22871.2611,614.1762,,
,408.157,ISLAND,GE14850000,,1348,10113.4911,408.1572,,
,391.639,ISLAND,GE14850000,,1186,9639.294,391.6391,,
,514.545,ISLAND,GE14850000,,1202,17262.7868,514.5453,,
,1271.673,ISLAND,GE14850000,,1272,93192.1941,1271.6734,,
,625.313,ISLAND,GE14850000,,1203,21444.5034,625.3134,,
,901.894,ISLAND,GE14850000,,1275,53554.6768,901.8948,,
,351.163,ISLAND,GE14850000,,1282,7877.5696,351.1636,,
,1364.067,ISLAND,GE14850000,,1283,84181.9607,1364.0661,,
,494.175,ISLAND,GE14850000,,1277,15369.9799,494.1749,,
,455.425,ISLAND,GE14850000,,384,15050.3274,455.4242,,
,66793.381,ISLAND,GE14850000,,1129,94003978.3334,66793.3826,,
,55944.848,ISLAND,GE14850000,,1266,46679252.4942,55944.8495,,
,397.308,ISLAND,GE14850000,,1612,11344.7681,397.3078,,
,869.738,ISLAND,GE14850000,,1079,37820.1667,869.7381,,
,3441.399,ISLAND,GE14850000,,1093,682588.1568,3441.3993,,
,815.7,ISLAND,GE14850000,,1611,34417.7257,815.699,,
,398.419,ISLAND,GE14850000,,1197,10717.1425,398.4196,,
,1453.822,ISLAND,GE14850000,,1200,91038.7713,1453.8223,,
,579.658,ISLAND,GE14850000,,1572,20762.7653,579.6585,,
,2184.849,ISLAND,GE14850000,,1217,229492.2571,2184.848,,
,597.438,ISLAND,GE14850000,,1311,26185.6878,597.4377,,
,483.28,ISLAND,GE14850000,,1051,17083.054,483.2797,,
,2129.176,ISLAND,GE14850000,,1210,171226.0284,2129.1767,,
,2368.521,ISLAND,GE14850000,,1106,223599.5805,2368.5227,,
,473.055,ISLAND,GE14850000,,1101,15090.2744,473.0556,,
,808.491,ISLAND,GE14850000,,1304,41608.0636,808.4913,,
,453.544,ISLAND,GE14850000,,1238,15473.1587,453.5442,,
,556.925,ISLAND,GE14850000,,1194,17877.4683,556.925,,
,752.265,ISLAND,GE14850000,,1583,39526.9047,752.2651,,
,699.008,ISLAND,GE14850000,,1314,21219.445,699.0087,,
,385.102,ISLAND,GE14850000,,1302,10825.761,385.1016,,
,544.513,ISLAND,GE14850000,,1244,21409.6485,544.5123,,
,1008.794,ISLAND,GE14850000,,1316,61609.4621,1008.7934,,
,483.634,ISLAND,GE14850000,,1250,15596.6504,483.6339,,
,657.591,ISLAND,GE14850000,,1116,22623.6652,657.5914,,
,232.602,ISLAND,GE14850000,,1242,3480.5128,232.6013,,
,6060.258,ISLAND,GE14850000,,1109,1281592.45,6060.2589,,
,2583.096,ISLAND,GE14850000,,1095,290558.5883,2583.0964,,
,756.298,ISLAND,GE14850000,,1142,38167.8799,756.2988,,
,366.763,ISLAND,GE14850000,,282,9259.4587,366.7628,,
,665.293,ISLAND,GE14850000,,1249,28208.0937,665.2937,,
,405.304,ISLAND,GE14850000,,1281,12286.1946,405.3043,,
,3383.969,ISLAND,GE14850000,,1769,347025.7266,3383.9689,,
,303.658,ISLAND,GE14850000,,1765,6571.0153,303.6572,,
,409.139,ISLAND,GE14850000,,1764,10493.8947,409.1379,,
,365.024,ISLAND,GE14850000,,1284,9289.8933,365.0241,,
,871.149,ISLAND,GE14850000,,387,50169.428,871.1495,,
,882.505,ISLAND,GE14850000,,1285,51078.4951,882.5049,,
,423.203,ISLAND,GE14850000,,1305,12926.9171,423.2032,,
,518.053,ISLAND,GE14850000,,1319,17600.5918,518.0532,,
,835.616,ISLAND,GE14850000,,1324,33473.7569,835.6163,,
,514.194,ISLAND,GE14850000,,239,19385.1634,514.1936,,
,318.27,ISLAND,GE14850000,,248,6895.0925,318.2708,,
,572.758,ISLAND,GE14850000,,1575,19082.3662,572.7576,,
,461.589,ISLAND,GE14850000,,1107,14896.1509,461.5885,,
,546.691,ISLAND,GE14850000,,1123,20136.1813,546.6911,,
,1523.201,ISLAND,GE14850000,,1622,136131.0082,1523.2014,,
,4279.698,ISLAND,GE14850000,,1619,864417.3612,4279.6982,,
,577.093,ISLAND,GE14850000,,1084,22586.739,577.0929,,
,4116.514,ISLAND,GE14850000,,1068,699332.8834,4116.5146,,
,3131.314,ISLAND,GE14850000,,1240,350131.7122,3131.3135,,
,630.977,ISLAND,GE14850000,,1053,21638.8049,630.9775,,
,1217.96,ISLAND,GE14850000,,5172,92614.2386,1217.9592,,
